"호선","상/하행선","요일","전철역코드","외부코드","전철역명","첫차시간","첫차출발역코드","첫차도착역코드","첫차출발역명","첫차도착역명","막차시간","막차출발역코드","막차도착역코드","막차출발역명","막차도착역명"
"02호선","1","1","0247","234-1","도림천","051700","0247","0200","도림천","까치산","245300","0234","0200","신도림","까치산"
"02호선","1","2","0247","234-1","도림천","051700","0247","0200","도림천","까치산","234900","0234","0200","신도림","까치산"
"02호선","1","1","0248","234-2","양천구청","052000","0247","0200","도림천","까치산","245600","0234","0200","신도림","까치산"
"02호선","1","2","0248","234-2","양천구청","052000","0247","0200","도림천","까치산","235200","0234","0200","신도림","까치산"
"02호선","1","2","0249","234-3","신정네거리","052330","0247","0200","도림천","까치산","235530","0234","0200","신도림","까치산"
"02호선","1","1","0249","234-3","신정네거리","052330","0247","0200","도림천","까치산","245930","0234","0200","신도림","까치산"
"02호선","2","2","0211","211","성수","052800","0211","0246","성수","신설동","235100","0211","0246","성수","신설동"
"02호선","2","3","0211","211","성수","052800","0211","0246","성수","신설동","235100","0211","0246","성수","신설동"
"02호선","2","1","0211","211","성수","053000","0211","0246","성수","신설동","245100","0211","0246","성수","신설동"
"02호선","1","3","0246","211-4","신설동","053000","0246","0211","신설동","성수","235100","0246","0211","신설동","성수"
"02호선","1","2","0246","211-4","신설동","053000","0246","0211","신설동","성수","235100","0246","0211","신설동","성수"
"02호선","1","1","0246","211-4","신설동","053000","0246","0211","신설동","성수","245100","0246","0211","신설동","성수"
"02호선","2","1","0219","219","삼성","053000","0219","0211","삼성","성수","244400","0211","0211","성수","성수"
"02호선","2","2","0219","219","삼성","053000","0219","0211","삼성","성수","234400","0211","0211","성수","성수"
"02호선","2","3","0219","219","삼성","053000","0219","0211","삼성","성수","234400","0211","0211","성수","성수"
"02호선","1","2","0202","202","을지로입구","053000","0202","0211","을지로입구","성수","234500","0211","0211","성수","성수"
"02호선","1","3","0202","202","을지로입구","053000","0202","0211","을지로입구","성수","234500","0211","0211","성수","성수"
"02호선","1","1","0202","202","을지로입구","053000","0202","0211","을지로입구","성수","244430","0211","0211","성수","성수"
"02호선","2","1","0228","228","서울대입구","053000","0228","0211","서울대입구","성수","244000","0211","0219","성수","삼성"
"02호선","2","2","0228","228","서울대입구","053000","0228","0211","서울대입구","성수","234100","0211","0219","성수","삼성"
"02호선","2","3","0228","228","서울대입구","053000","0228","0211","서울대입구","성수","234100","0211","0219","성수","삼성"
"02호선","1","1","0239","239","홍대입구","053000","0239","0211","홍대입구","성수","244900","0211","0202","성수","을지로입구"
"02호선","1","3","0239","239","홍대입구","053000","0239","0211","홍대입구","성수","234900","0211","0202","성수","을지로입구"
"02호선","1","2","0239","239","홍대입구","053000","0239","0211","홍대입구","성수","234900","0211","0202","성수","을지로입구"
"02호선","2","1","0234","234","신도림","053000","0234","0211","신도림","성수","244730","0211","0228","성수","서울대입구"
"02호선","2","2","0234","234","신도림","053000","0234","0211","신도림","성수","234730","0211","0228","성수","서울대입구"
"02호선","2","3","0234","234","신도림","053000","0234","0211","신도림","성수","234730","0211","0228","성수","서울대입구"
"02호선","1","2","0234","234","신도림","053000","0234","0211","신도림","성수","235030","0211","0239","성수","홍대입구"
"02호선","1","3","0234","234","신도림","053000","0234","0211","신도림","성수","235030","0211","0239","성수","홍대입구"
"02호선","1","1","0234","234","신도림","053000","0234","0211","신도림","성수","245100","0234","0200","신도림","까치산"
"02호선","2","1","0239","239","홍대입구","053000","0239","0211","홍대입구","성수","245000","0211","0234","성수","신도림"
"02호선","2","2","0239","239","홍대입구","053000","0239","0211","홍대입구","성수","235100","0211","0234","성수","신도림"
"02호선","2","3","0239","239","홍대입구","053000","0239","0211","홍대입구","성수","235100","0211","0234","성수","신도림"
"02호선","1","2","0228","228","서울대입구","053000","0228","0211","서울대입구","성수","234730","0211","0234","성수","신도림"
"02호선","1","1","0228","228","서울대입구","053000","0228","0211","서울대입구","성수","244800","0211","0234","성수","신도림"
"02호선","1","3","0228","228","서울대입구","053000","0228","0211","서울대입구","성수","234730","0211","0234","성수","신도림"
"02호선","2","2","0202","202","을지로입구","053000","0202","0211","을지로입구","성수","234830","0211","0239","성수","홍대입구"
"02호선","2","3","0202","202","을지로입구","053000","0202","0211","을지로입구","성수","234830","0211","0239","성수","홍대입구"
"02호선","2","1","0202","202","을지로입구","053000","0202","0211","을지로입구","성수","244900","0211","0239","성수","홍대입구"
"02호선","1","2","0219","219","삼성","053000","0219","0211","삼성","성수","233900","0211","0228","성수","서울대입구"
"02호선","1","3","0219","219","삼성","053000","0219","0211","삼성","성수","233900","0211","0228","성수","서울대입구"
"02호선","1","1","0219","219","삼성","053000","0219","0211","삼성","성수","244030","0211","0228","성수","서울대입구"
"02호선","2","1","0211","211","성수","053000","0211","0211","성수","성수","245100","0211","0246","성수","신설동"
"02호선","1","3","0211","211","성수","053000","0211","0211","성수","성수","234200","0211","0219","성수","삼성"
"02호선","1","2","0211","211","성수","053000","0211","0211","성수","성수","234200","0211","0219","성수","삼성"
"02호선","1","1","0211","211","성수","053000","0211","0211","성수","성수","244400","0211","0219","성수","삼성"
"02호선","2","1","0200","234-4","까치산","053000","0200","0234","까치산","신도림","250500","0200","0247","까치산","도림천"
"02호선","2","2","0200","234-4","까치산","053000","0200","0234","까치산","신도림","240100","0200","0247","까치산","도림천"
"02호선","2","3","0200","234-4","까치산","053000","0200","0234","까치산","신도림","234700","0200","0234","까치산","신도림"
"02호선","1","1","0234","234","신도림","053000","0234","0200","신도림","까치산","245100","0234","0200","신도림","까치산"
"02호선","1","2","0234","234","신도림","053000","0234","0200","신도림","까치산","235030","0211","0239","성수","홍대입구"
"02호선","1","3","0234","234","신도림","053000","0234","0200","신도림","까치산","235030","0211","0239","성수","홍대입구"
"02호선","2","2","0244","211-1","용답","053130","0211","0246","성수","신설동","235430","0211","0246","성수","신설동"
"02호선","2","3","0244","211-1","용답","053130","0211","0246","성수","신설동","235430","0211","0246","성수","신설동"
"02호선","1","3","0203","203","을지로3가","053130","0202","0211","을지로입구","성수","234630","0211","0211","성수","성수"
"02호선","1","2","0203","203","을지로3가","053130","0202","0211","을지로입구","성수","234630","0211","0211","성수","성수"
"02호선","1","1","0203","203","을지로3가","053130","0202","0211","을지로입구","성수","244600","0211","0211","성수","성수"
"02호선","1","3","0229","229","봉천","053130","0228","0211","서울대입구","성수","234900","0211","0234","성수","신도림"
"02호선","1","2","0229","229","봉천","053130","0228","0211","서울대입구","성수","234900","0211","0234","성수","신도림"
"02호선","1","1","0229","229","봉천","053130","0228","0211","서울대입구","성수","244930","0211","0234","성수","신도림"
"02호선","2","1","0210","210","뚝섬","053130","0211","0211","성수","성수","244700","0211","0202","성수","을지로입구"
"02호선","2","3","0210","210","뚝섬","053130","0211","0211","성수","성수","234330","0211","0202","성수","을지로입구"
"02호선","2","2","0210","210","뚝섬","053130","0211","0211","성수","성수","234330","0211","0202","성수","을지로입구"
"02호선","1","3","0250","211-3","용두","053200","0246","0211","신설동","성수","235300","0246","0211","신설동","성수"
"02호선","1","1","0250","211-3","용두","053200","0246","0211","신설동","성수","245300","0246","0211","신설동","성수"
"02호선","1","2","0250","211-3","용두","053200","0246","0211","신설동","성수","235300","0246","0211","신설동","성수"
"02호선","2","3","0218","218","종합운동장","053200","0219","0211","삼성","성수","234600","0211","0211","성수","성수"
"02호선","2","2","0218","218","종합운동장","053200","0219","0211","삼성","성수","234600","0211","0211","성수","성수"
"02호선","2","1","0218","218","종합운동장","053200","0219","0211","삼성","성수","244600","0211","0211","성수","성수"
"02호선","2","1","0227","227","낙성대","053200","0228","0211","서울대입구","성수","244200","0211","0219","성수","삼성"
"02호선","2","3","0227","227","낙성대","053200","0228","0211","서울대입구","성수","234300","0211","0219","성수","삼성"
"02호선","2","2","0227","227","낙성대","053200","0228","0211","서울대입구","성수","234300","0211","0219","성수","삼성"
"02호선","2","1","0238","238","합정","053200","0239","0211","홍대입구","성수","245200","0211","0234","성수","신도림"
"02호선","2","2","0238","238","합정","053200","0239","0211","홍대입구","성수","235300","0211","0234","성수","신도림"
"02호선","2","3","0238","238","합정","053200","0239","0211","홍대입구","성수","235300","0211","0234","성수","신도림"
"02호선","2","1","0201","201","시청","053200","0202","0211","을지로입구","성수","245100","0211","0239","성수","홍대입구"
"02호선","2","3","0201","201","시청","053200","0202","0211","을지로입구","성수","235100","0211","0239","성수","홍대입구"
"02호선","2","2","0201","201","시청","053200","0202","0211","을지로입구","성수","235100","0211","0239","성수","홍대입구"
"02호선","1","2","0220","220","선릉","053200","0219","0211","삼성","성수","234130","0211","0228","성수","서울대입구"
"02호선","1","3","0220","220","선릉","053200","0219","0211","삼성","성수","234130","0211","0228","성수","서울대입구"
"02호선","1","2","0212","212","건대입구","053200","0211","0211","성수","성수","234400","0211","0219","성수","삼성"
"02호선","1","1","0212","212","건대입구","053200","0211","0211","성수","성수","244600","0211","0219","성수","삼성"
"02호선","1","3","0212","212","건대입구","053200","0211","0211","성수","성수","234400","0211","0219","성수","삼성"
"02호선","1","3","0247","234-1","도림천","053200","0234","0200","신도림","까치산","234900","0234","0200","신도림","까치산"
"02호선","1","3","0240","240","신촌","053230","0239","0211","홍대입구","성수","235130","0211","0202","성수","을지로입구"
"02호선","1","2","0240","240","신촌","053230","0239","0211","홍대입구","성수","235130","0211","0202","성수","을지로입구"
"02호선","1","1","0240","240","신촌","053230","0239","0211","홍대입구","성수","245130","0211","0202","성수","을지로입구"
"02호선","2","2","0233","233","대림","053230","0234","0211","신도림","성수","235030","0211","0228","성수","서울대입구"
"02호선","2","3","0233","233","대림","053230","0234","0211","신도림","성수","235030","0211","0228","성수","서울대입구"
"02호선","1","2","0235","235","문래","053230","0234","0211","신도림","성수","235300","0211","0239","성수","홍대입구"
"02호선","1","1","0235","235","문래","053230","0234","0211","신도림","성수","245200","0211","0239","성수","홍대입구"
"02호선","1","3","0235","235","문래","053230","0234","0211","신도림","성수","235300","0211","0239","성수","홍대입구"
"02호선","1","1","0220","220","선릉","053230","0219","0211","삼성","성수","244300","0211","0228","성수","서울대입구"
"02호선","1","1","0204","204","을지로4가","053300","0202","0211","을지로입구","성수","244730","0211","0211","성수","성수"
"02호선","1","2","0204","204","을지로4가","053300","0202","0211","을지로입구","성수","234800","0211","0211","성수","성수"
"02호선","1","3","0204","204","을지로4가","053300","0202","0211","을지로입구","성수","234800","0211","0211","성수","성수"
"02호선","2","1","0233","233","대림","053300","0234","0211","신도림","성수","245030","0211","0228","성수","서울대입구"
"02호선","2","2","0249","234-3","신정네거리","053300","0200","0234","까치산","신도림","240400","0200","0247","까치산","도림천"
"02호선","2","3","0249","234-3","신정네거리","053300","0200","0234","까치산","신도림","235000","0200","0234","까치산","신도림"
"02호선","2","1","0249","234-3","신정네거리","053300","0200","0234","까치산","신도림","250800","0200","0247","까치산","도림천"
"02호선","2","1","0244","211-1","용답","053330","0211","0246","성수","신설동","245430","0211","0246","성수","신설동"
"02호선","2","2","0245","211-2","신답","053330","0211","0246","성수","신설동","235630","0211","0246","성수","신설동"
"02호선","2","3","0245","211-2","신답","053330","0211","0246","성수","신설동","235630","0211","0246","성수","신설동"
"02호선","1","1","0230","230","신림","053330","0228","0211","서울대입구","성수","245130","0211","0234","성수","신도림"
"02호선","1","2","0230","230","신림","053330","0228","0211","서울대입구","성수","235130","0211","0234","성수","신도림"
"02호선","1","3","0230","230","신림","053330","0228","0211","서울대입구","성수","235130","0211","0234","성수","신도림"
"02호선","2","1","0209","209","한양대","053330","0211","0211","성수","성수","244900","0211","0202","성수","을지로입구"
"02호선","2","3","0209","209","한양대","053330","0211","0211","성수","성수","234530","0211","0202","성수","을지로입구"
"02호선","2","2","0209","209","한양대","053330","0211","0211","성수","성수","234530","0211","0202","성수","을지로입구"
"02호선","1","3","0245","211-2","신답","053400","0246","0211","신설동","성수","235500","0246","0211","신설동","성수"
"02호선","1","1","0245","211-2","신답","053400","0246","0211","신설동","성수","245500","0246","0211","신설동","성수"
"02호선","1","2","0245","211-2","신답","053400","0246","0211","신설동","성수","235500","0246","0211","신설동","성수"
"02호선","2","2","0217","217","잠실새내","053400","0219","0211","삼성","성수","234800","0211","0211","성수","성수"
"02호선","2","1","0217","217","잠실새내","053400","0219","0211","삼성","성수","244800","0211","0211","성수","성수"
"02호선","2","3","0217","217","잠실새내","053400","0219","0211","삼성","성수","234800","0211","0211","성수","성수"
"02호선","1","2","0241","241","이대","053400","0239","0211","홍대입구","성수","235300","0211","0202","성수","을지로입구"
"02호선","1","1","0241","241","이대","053400","0239","0211","홍대입구","성수","245300","0211","0202","성수","을지로입구"
"02호선","1","3","0241","241","이대","053400","0239","0211","홍대입구","성수","235300","0211","0202","성수","을지로입구"
"02호선","1","2","0236","236","영등포구청","053400","0234","0211","신도림","성수","235430","0211","0239","성수","홍대입구"
"02호선","1","1","0236","236","영등포구청","053400","0234","0211","신도림","성수","245330","0211","0239","성수","홍대입구"
"02호선","1","3","0236","236","영등포구청","053400","0234","0211","신도림","성수","235430","0211","0239","성수","홍대입구"
"02호선","2","3","0243","243","충정로","053400","0202","0211","을지로입구","성수","235300","0211","0239","성수","홍대입구"
"02호선","2","2","0243","243","충정로","053400","0202","0211","을지로입구","성수","235300","0211","0239","성수","홍대입구"
"02호선","2","1","0243","243","충정로","053400","0202","0211","을지로입구","성수","245300","0211","0239","성수","홍대입구"
"02호선","1","3","0221","221","역삼","053400","0219","0211","삼성","성수","234330","0211","0228","성수","서울대입구"
"02호선","1","2","0221","221","역삼","053400","0219","0211","삼성","성수","234330","0211","0228","성수","서울대입구"
"02호선","2","2","0232","232","구로디지털단지","053430","0234","0211","신도림","성수","235230","0211","0228","성수","서울대입구"
"02호선","2","3","0232","232","구로디지털단지","053430","0234","0211","신도림","성수","235230","0211","0228","성수","서울대입구"
"02호선","1","1","0221","221","역삼","053430","0219","0211","삼성","성수","244500","0211","0228","성수","서울대입구"
"02호선","1","3","0213","213","구의","053430","0211","0211","성수","성수","234700","0211","0219","성수","삼성"
"02호선","1","1","0213","213","구의","053430","0211","0211","성수","성수","244830","0211","0219","성수","삼성"
"02호선","1","2","0213","213","구의","053430","0211","0211","성수","성수","234700","0211","0219","성수","삼성"
"02호선","1","2","0205","205","동대문역사문화공원","053500","0202","0211","을지로입구","성수","235000","0211","0211","성수","성수"
"02호선","1","3","0205","205","동대문역사문화공원","053500","0202","0211","을지로입구","성수","235000","0211","0211","성수","성수"
"02호선","2","2","0226","226","사당","053500","0228","0211","서울대입구","성수","234600","0211","0219","성수","삼성"
"02호선","2","1","0226","226","사당","053500","0228","0211","서울대입구","성수","244500","0211","0219","성수","삼성"
"02호선","2","3","0226","226","사당","053500","0228","0211","서울대입구","성수","234600","0211","0219","성수","삼성"
"02호선","2","1","0232","232","구로디지털단지","053500","0234","0211","신도림","성수","245230","0211","0228","성수","서울대입구"
"02호선","2","2","0237","237","당산","053500","0239","0211","홍대입구","성수","235530","0211","0234","성수","신도림"
"02호선","2","1","0237","237","당산","053500","0239","0211","홍대입구","성수","245500","0211","0234","성수","신도림"
"02호선","2","3","0237","237","당산","053500","0239","0211","홍대입구","성수","235530","0211","0234","성수","신도림"
"02호선","1","3","0248","234-2","양천구청","053500","0234","0200","신도림","까치산","235200","0234","0200","신도림","까치산"
"02호선","2","2","0250","211-3","용두","053530","0211","0246","성수","신설동","235830","0211","0246","성수","신설동"
"02호선","2","3","0250","211-3","용두","053530","0211","0246","성수","신설동","235830","0211","0246","성수","신설동"
"02호선","2","1","0245","211-2","신답","053530","0211","0246","성수","신설동","245630","0211","0246","성수","신설동"
"02호선","1","1","0205","205","동대문역사문화공원","053530","0202","0211","을지로입구","성수","245000","0211","0211","성수","성수"
"02호선","1","1","0242","242","아현","053530","0239","0211","홍대입구","성수","245430","0211","0202","성수","을지로입구"
"02호선","1","2","0242","242","아현","053530","0239","0211","홍대입구","성수","235430","0211","0202","성수","을지로입구"
"02호선","1","3","0242","242","아현","053530","0239","0211","홍대입구","성수","235430","0211","0202","성수","을지로입구"
"02호선","1","2","0222","222","강남","053530","0219","0211","삼성","성수","234530","0211","0228","성수","서울대입구"
"02호선","1","3","0222","222","강남","053530","0219","0211","삼성","성수","234530","0211","0228","성수","서울대입구"
"02호선","2","1","0208","208","왕십리","053530","0211","0211","성수","성수","245030","0211","0202","성수","을지로입구"
"02호선","2","2","0208","208","왕십리","053530","0211","0211","성수","성수","234800","0211","0202","성수","을지로입구"
"02호선","2","3","0208","208","왕십리","053530","0211","0211","성수","성수","234800","0211","0202","성수","을지로입구"
"02호선","1","2","0244","211-1","용답","053600","0246","0211","신설동","성수","235700","0246","0211","신설동","성수"
"02호선","1","3","0244","211-1","용답","053600","0246","0211","신설동","성수","235700","0246","0211","신설동","성수"
"02호선","1","1","0244","211-1","용답","053600","0246","0211","신설동","성수","245700","0246","0211","신설동","성수"
"02호선","2","2","0216","216","잠실","053600","0219","0211","삼성","성수","235000","0211","0211","성수","성수"
"02호선","2","3","0216","216","잠실","053600","0219","0211","삼성","성수","235000","0211","0211","성수","성수"
"02호선","1","2","0237","237","당산","053600","0234","0211","신도림","성수","235630","0211","0239","성수","홍대입구"
"02호선","1","1","0237","237","당산","053600","0234","0211","신도림","성수","245530","0211","0239","성수","홍대입구"
"02호선","1","3","0237","237","당산","053600","0234","0211","신도림","성수","235630","0211","0239","성수","홍대입구"
"02호선","1","2","0231","231","신대방","053600","0228","0211","서울대입구","성수","235400","0211","0234","성수","신도림"
"02호선","1","1","0231","231","신대방","053600","0228","0211","서울대입구","성수","245400","0211","0234","성수","신도림"
"02호선","1","3","0231","231","신대방","053600","0228","0211","서울대입구","성수","235400","0211","0234","성수","신도림"
"02호선","2","3","0242","242","아현","053600","0202","0211","을지로입구","성수","235500","0211","0239","성수","홍대입구"
"02호선","2","2","0242","242","아현","053600","0202","0211","을지로입구","성수","235500","0211","0239","성수","홍대입구"
"02호선","2","1","0242","242","아현","053600","0202","0211","을지로입구","성수","245500","0211","0239","성수","홍대입구"
"02호선","1","1","0222","222","강남","053600","0219","0211","삼성","성수","244630","0211","0228","성수","서울대입구"
"02호선","1","1","0214","214","강변","053600","0211","0211","성수","성수","245000","0211","0219","성수","삼성"
"02호선","1","3","0214","214","강변","053600","0211","0211","성수","성수","234900","0211","0219","성수","삼성"
"02호선","1","2","0214","214","강변","053600","0211","0211","성수","성수","234900","0211","0219","성수","삼성"
"02호선","2","1","0216","216","잠실","053630","0219","0211","삼성","성수","245000","0211","0211","성수","성수"
"02호선","2","3","0231","231","신대방","053630","0234","0211","신도림","성수","235430","0211","0228","성수","서울대입구"
"02호선","2","2","0231","231","신대방","053630","0234","0211","신도림","성수","235430","0211","0228","성수","서울대입구"
"02호선","2","1","0248","234-2","양천구청","053630","0200","0234","까치산","신도림","251130","0200","0247","까치산","도림천"
"02호선","2","3","0248","234-2","양천구청","053630","0200","0234","까치산","신도림","235330","0200","0234","까치산","신도림"
"02호선","2","2","0248","234-2","양천구청","053630","0200","0234","까치산","신도림","240730","0200","0247","까치산","도림천"
"02호선","1","2","0206","206","신당","053700","0202","0211","을지로입구","성수","235200","0211","0211","성수","성수"
"02호선","1","3","0206","206","신당","053700","0202","0211","을지로입구","성수","235200","0211","0211","성수","성수"
"02호선","2","1","0231","231","신대방","053700","0234","0211","신도림","성수","245430","0211","0228","성수","서울대입구"
"02호선","2","1","0236","236","영등포구청","053700","0239","0211","홍대입구","성수","245700","0211","0234","성수","신도림"
"02호선","2","2","0236","236","영등포구청","053700","0239","0211","홍대입구","성수","235730","0211","0234","성수","신도림"
"02호선","2","3","0236","236","영등포구청","053700","0239","0211","홍대입구","성수","235730","0211","0234","성수","신도림"
"02호선","2","1","0207","207","상왕십리","053700","0211","0211","성수","성수","245200","0211","0202","성수","을지로입구"
"02호선","2","2","0207","207","상왕십리","053700","0211","0211","성수","성수","235000","0211","0202","성수","을지로입구"
"02호선","2","3","0207","207","상왕십리","053700","0211","0211","성수","성수","235000","0211","0202","성수","을지로입구"
"02호선","2","1","0250","211-3","용두","053730","0211","0246","성수","신설동","245830","0211","0246","성수","신설동"
"02호선","1","1","0206","206","신당","053730","0202","0211","을지로입구","성수","245200","0211","0211","성수","성수"
"02호선","2","2","0225","225","방배","053730","0228","0211","서울대입구","성수","234900","0211","0219","성수","삼성"
"02호선","2","3","0225","225","방배","053730","0228","0211","서울대입구","성수","234900","0211","0219","성수","삼성"
"02호선","1","1","0243","243","충정로","053730","0239","0211","홍대입구","성수","245630","0211","0202","성수","을지로입구"
"02호선","1","2","0243","243","충정로","053730","0239","0211","홍대입구","성수","235630","0211","0202","성수","을지로입구"
"02호선","1","3","0243","243","충정로","053730","0239","0211","홍대입구","성수","235630","0211","0202","성수","을지로입구"
"02호선","2","1","0241","241","이대","053730","0202","0211","을지로입구","성수","245630","0211","0239","성수","홍대입구"
"02호선","2","3","0241","241","이대","053730","0202","0211","을지로입구","성수","235630","0211","0239","성수","홍대입구"
"02호선","2","2","0241","241","이대","053730","0202","0211","을지로입구","성수","235630","0211","0239","성수","홍대입구"
"02호선","1","3","0223","223","교대","053730","0219","0211","삼성","성수","234800","0211","0228","성수","서울대입구"
"02호선","1","2","0223","223","교대","053730","0219","0211","삼성","성수","234800","0211","0228","성수","서울대입구"
"02호선","2","2","0215","215","잠실나루","053800","0219","0211","삼성","성수","235200","0211","0211","성수","성수"
"02호선","2","3","0215","215","잠실나루","053800","0219","0211","삼성","성수","235200","0211","0211","성수","성수"
"02호선","2","1","0225","225","방배","053800","0228","0211","서울대입구","성수","244800","0211","0219","성수","삼성"
"02호선","1","1","0232","232","구로디지털단지","053800","0228","0211","서울대입구","성수","245600","0211","0234","성수","신도림"
"02호선","1","2","0232","232","구로디지털단지","053800","0228","0211","서울대입구","성수","235600","0211","0234","성수","신도림"
"02호선","1","3","0232","232","구로디지털단지","053800","0228","0211","서울대입구","성수","235600","0211","0234","성수","신도림"
"02호선","2","1","0215","215","잠실나루","053830","0219","0211","삼성","성수","245200","0211","0211","성수","성수"
"02호선","1","2","0207","207","상왕십리","053830","0202","0211","을지로입구","성수","235330","0211","0211","성수","성수"
"02호선","1","3","0207","207","상왕십리","053830","0202","0211","을지로입구","성수","235330","0211","0211","성수","성수"
"02호선","2","2","0235","235","문래","053830","0239","0211","홍대입구","성수","235830","0211","0234","성수","신도림"
"02호선","2","1","0235","235","문래","053830","0239","0211","홍대입구","성수","245830","0211","0234","성수","신도림"
"02호선","2","3","0235","235","문래","053830","0239","0211","홍대입구","성수","235830","0211","0234","성수","신도림"
"02호선","1","1","0223","223","교대","053830","0219","0211","삼성","성수","244900","0211","0228","성수","서울대입구"
"02호선","2","1","0206","206","신당","053830","0211","0211","성수","성수","245330","0211","0202","성수","을지로입구"
"02호선","2","2","0206","206","신당","053830","0211","0211","성수","성수","235200","0211","0202","성수","을지로입구"
"02호선","2","3","0206","206","신당","053830","0211","0211","성수","성수","235200","0211","0202","성수","을지로입구"
"02호선","1","2","0215","215","잠실나루","053830","0211","0211","성수","성수","235130","0211","0219","성수","삼성"
"02호선","1","3","0215","215","잠실나루","053830","0211","0211","성수","성수","235130","0211","0219","성수","삼성"
"02호선","1","1","0215","215","잠실나루","053830","0211","0211","성수","성수","245230","0211","0219","성수","삼성"
"02호선","1","3","0249","234-3","신정네거리","053830","0234","0200","신도림","까치산","235530","0234","0200","신도림","까치산"
"02호선","1","1","0207","207","상왕십리","053900","0202","0211","을지로입구","성수","245330","0211","0211","성수","성수"
"02호선","2","3","0230","230","신림","053900","0234","0211","신도림","성수","235700","0211","0228","성수","서울대입구"
"02호선","2","2","0230","230","신림","053900","0234","0211","신도림","성수","235700","0211","0228","성수","서울대입구"
"02호선","1","1","0238","238","합정","053900","0234","0211","신도림","성수","245830","0211","0239","성수","홍대입구"
"02호선","2","3","0240","240","신촌","053900","0202","0211","을지로입구","성수","235800","0211","0239","성수","홍대입구"
"02호선","2","1","0240","240","신촌","053900","0202","0211","을지로입구","성수","245800","0211","0239","성수","홍대입구"
"02호선","2","2","0240","240","신촌","053900","0202","0211","을지로입구","성수","235800","0211","0239","성수","홍대입구"
"02호선","1","3","0224","224","서초","053900","0219","0211","삼성","성수","234930","0211","0228","성수","서울대입구"
"02호선","1","2","0224","224","서초","053900","0219","0211","삼성","성수","234930","0211","0228","성수","서울대입구"
"02호선","1","1","0201","201","시청","053930","0239","0211","홍대입구","성수","245830","0211","0202","성수","을지로입구"
"02호선","1","2","0201","201","시청","053930","0239","0211","홍대입구","성수","235830","0211","0202","성수","을지로입구"
"02호선","1","3","0201","201","시청","053930","0239","0211","홍대입구","성수","235830","0211","0202","성수","을지로입구"
"02호선","2","1","0230","230","신림","053930","0234","0211","신도림","성수","245700","0211","0228","성수","서울대입구"
"02호선","1","2","0238","238","합정","053930","0234","0211","신도림","성수","235830","0211","0239","성수","홍대입구"
"02호선","1","3","0238","238","합정","053930","0234","0211","신도림","성수","235830","0211","0239","성수","홍대입구"
"02호선","2","1","0247","234-1","도림천","053930","0200","0234","까치산","신도림","250230","0200","0234","까치산","신도림"
"02호선","2","2","0247","234-1","도림천","053930","0200","0234","까치산","신도림","235630","0200","0234","까치산","신도림"
"02호선","2","3","0247","234-1","도림천","053930","0200","0234","까치산","신도림","235630","0200","0234","까치산","신도림"
"02호선","2","2","0224","224","서초","054000","0228","0211","서울대입구","성수","235130","0211","0219","성수","삼성"
"02호선","2","3","0224","224","서초","054000","0228","0211","서울대입구","성수","235130","0211","0219","성수","삼성"
"02호선","1","3","0233","233","대림","054000","0228","0211","서울대입구","성수","235800","0211","0234","성수","신도림"
"02호선","1","2","0233","233","대림","054000","0228","0211","서울대입구","성수","235800","0211","0234","성수","신도림"
"02호선","1","1","0233","233","대림","054000","0228","0211","서울대입구","성수","245800","0211","0234","성수","신도림"
"02호선","1","1","0224","224","서초","054000","0219","0211","삼성","성수","245030","0211","0228","성수","서울대입구"
"02호선","2","3","0214","214","강변","054030","0219","0211","삼성","성수","235430","0211","0211","성수","성수"
"02호선","2","2","0214","214","강변","054030","0219","0211","삼성","성수","235430","0211","0211","성수","성수"
"02호선","1","1","0208","208","왕십리","054030","0202","0211","을지로입구","성수","245500","0211","0211","성수","성수"
"02호선","1","2","0208","208","왕십리","054030","0202","0211","을지로입구","성수","235500","0211","0211","성수","성수"
"02호선","1","3","0208","208","왕십리","054030","0202","0211","을지로입구","성수","235500","0211","0211","성수","성수"
"02호선","2","1","0224","224","서초","054030","0228","0211","서울대입구","성수","245030","0211","0219","성수","삼성"
"02호선","2","1","0205","205","동대문역사문화공원","054030","0211","0211","성수","성수","245600","0211","0202","성수","을지로입구"
"02호선","1","3","0216","216","잠실","054030","0211","0211","성수","성수","235400","0211","0219","성수","삼성"
"02호선","1","2","0216","216","잠실","054030","0211","0211","성수","성수","235400","0211","0219","성수","삼성"
"02호선","1","1","0216","216","잠실","054030","0211","0211","성수","성수","245430","0211","0219","성수","삼성"
"02호선","2","1","0214","214","강변","054100","0219","0211","삼성","성수","245430","0211","0211","성수","성수"
"02호선","2","3","0229","229","봉천","054100","0234","0211","신도림","성수","235900","0211","0228","성수","서울대입구"
"02호선","2","2","0229","229","봉천","054100","0234","0211","신도림","성수","235900","0211","0228","성수","서울대입구"
"02호선","2","3","0205","205","동대문역사문화공원","054100","0211","0211","성수","성수","235500","0211","0202","성수","을지로입구"
"02호선","2","2","0205","205","동대문역사문화공원","054100","0211","0211","성수","성수","235500","0211","0202","성수","을지로입구"
"02호선","2","1","0229","229","봉천","054130","0234","0211","신도림","성수","245900","0211","0228","성수","서울대입구"
"02호선","1","2","0225","225","방배","054130","0219","0211","삼성","성수","235200","0211","0228","성수","서울대입구"
"02호선","1","3","0225","225","방배","054130","0219","0211","삼성","성수","235200","0211","0228","성수","서울대입구"
"02호선","2","3","0213","213","구의","054200","0219","0211","삼성","성수","235600","0211","0211","성수","성수"
"02호선","2","2","0213","213","구의","054200","0219","0211","삼성","성수","235600","0211","0211","성수","성수"
"02호선","2","2","0223","223","교대","054200","0228","0211","서울대입구","성수","235300","0211","0219","성수","삼성"
"02호선","2","3","0223","223","교대","054200","0228","0211","서울대입구","성수","235300","0211","0219","성수","삼성"
"02호선","2","1","0213","213","구의","054230","0219","0211","삼성","성수","245600","0211","0211","성수","성수"
"02호선","1","1","0209","209","한양대","054230","0202","0211","을지로입구","성수","245700","0211","0211","성수","성수"
"02호선","2","1","0223","223","교대","054230","0228","0211","서울대입구","성수","245230","0211","0219","성수","삼성"
"02호선","1","1","0225","225","방배","054230","0219","0211","삼성","성수","245300","0211","0228","성수","서울대입구"
"02호선","2","1","0204","204","을지로4가","054230","0211","0211","성수","성수","245800","0211","0202","성수","을지로입구"
"02호선","1","2","0217","217","잠실새내","054230","0211","0211","성수","성수","235600","0211","0219","성수","삼성"
"02호선","1","3","0217","217","잠실새내","054230","0211","0211","성수","성수","235600","0211","0219","성수","삼성"
"02호선","1","1","0217","217","잠실새내","054230","0211","0211","성수","성수","245630","0211","0219","성수","삼성"
"02호선","1","3","0209","209","한양대","054300","0202","0211","을지로입구","성수","235700","0211","0211","성수","성수"
"02호선","1","2","0209","209","한양대","054300","0202","0211","을지로입구","성수","235700","0211","0211","성수","성수"
"02호선","2","2","0204","204","을지로4가","054300","0211","0211","성수","성수","235700","0211","0202","성수","을지로입구"
"02호선","2","3","0204","204","을지로4가","054300","0211","0211","성수","성수","235700","0211","0202","성수","을지로입구"
"02호선","2","3","0222","222","강남","054400","0228","0211","서울대입구","성수","235500","0211","0219","성수","삼성"
"02호선","2","2","0222","222","강남","054400","0228","0211","서울대입구","성수","235500","0211","0219","성수","삼성"
"02호선","1","3","0226","226","사당","054400","0219","0211","삼성","성수","235530","0211","0228","성수","서울대입구"
"02호선","1","2","0226","226","사당","054400","0219","0211","삼성","성수","235530","0211","0228","성수","서울대입구"
"02호선","2","1","0203","203","을지로3가","054400","0211","0211","성수","성수","245930","0211","0202","성수","을지로입구"
"02호선","2","2","0212","212","건대입구","054430","0219","0211","삼성","성수","235830","0211","0211","성수","성수"
"02호선","2","3","0212","212","건대입구","054430","0219","0211","삼성","성수","235830","0211","0211","성수","성수"
"02호선","1","1","0210","210","뚝섬","054430","0202","0211","을지로입구","성수","245900","0211","0211","성수","성수"
"02호선","2","1","0222","222","강남","054430","0228","0211","서울대입구","성수","245430","0211","0219","성수","삼성"
"02호선","2","2","0203","203","을지로3가","054430","0211","0211","성수","성수","235830","0211","0202","성수","을지로입구"
"02호선","2","3","0203","203","을지로3가","054430","0211","0211","성수","성수","235830","0211","0202","성수","을지로입구"
"02호선","1","3","0218","218","종합운동장","054430","0211","0211","성수","성수","235800","0211","0219","성수","삼성"
"02호선","1","2","0218","218","종합운동장","054430","0211","0211","성수","성수","235800","0211","0219","성수","삼성"
"02호선","1","1","0218","218","종합운동장","054430","0211","0211","성수","성수","245830","0211","0219","성수","삼성"
"02호선","2","1","0212","212","건대입구","054530","0219","0211","삼성","성수","245830","0211","0211","성수","성수"
"02호선","1","3","0210","210","뚝섬","054530","0202","0211","을지로입구","성수","235900","0211","0211","성수","성수"
"02호선","1","2","0210","210","뚝섬","054530","0202","0211","을지로입구","성수","235900","0211","0211","성수","성수"
"02호선","2","2","0221","221","역삼","054530","0228","0211","서울대입구","성수","235630","0211","0219","성수","삼성"
"02호선","2","3","0221","221","역삼","054530","0228","0211","서울대입구","성수","235630","0211","0219","성수","삼성"
"02호선","2","1","0221","221","역삼","054600","0228","0211","서울대입구","성수","245600","0211","0219","성수","삼성"
"02호선","1","1","0226","226","사당","054600","0219","0211","삼성","성수","245630","0211","0228","성수","서울대입구"
"02호선","1","3","0227","227","낙성대","054630","0219","0211","삼성","성수","235800","0211","0228","성수","서울대입구"
"02호선","1","2","0227","227","낙성대","054630","0219","0211","삼성","성수","235800","0211","0228","성수","서울대입구"
"02호선","2","2","0220","220","선릉","054730","0228","0211","서울대입구","성수","235830","0211","0219","성수","삼성"
"02호선","2","3","0220","220","선릉","054730","0228","0211","서울대입구","성수","235830","0211","0219","성수","삼성"
"02호선","2","1","0220","220","선릉","054800","0228","0211","서울대입구","성수","245830","0211","0219","성수","삼성"
"02호선","1","1","0227","227","낙성대","054830","0219","0211","삼성","성수","245900","0211","0228","성수","서울대입구"
"03호선","1","1","1950","318","삼송","050730","1950","1958","삼송","대화","241600","0342","1958","오금","대화"
"03호선","1","1","1948","317","원흥","051000","1950","1958","삼송","대화","241830","0342","1958","오금","대화"
"03호선","1","1","1951","316","원당","051300","1950","1958","삼송","대화","242130","0342","1958","오금","대화"
"03호선","2","1","1958","309","대화","051600","1958","0342","대화","오금","241400","1958","1950","대화","삼송"
"03호선","1","1","1952","315","화정","051630","1950","1958","삼송","대화","242500","0342","1958","오금","대화"
"03호선","2","1","1957","310","주엽","051830","1958","0342","대화","오금","241630","1958","1950","대화","삼송"
"03호선","1","1","1953","314","대곡","051930","1950","1958","삼송","대화","242800","0342","1958","오금","대화"
"03호선","2","1","1956","311","정발산","052100","1958","0342","대화","오금","241900","1958","1950","대화","삼송"
"03호선","1","1","0339","349","수서","052200","0339","0310","수서","구파발","243230","0342","0326","오금","압구정"
"03호선","1","2","1950","318","삼송","052300","1950","1958","삼송","대화","233530","0342","1958","오금","대화"
"03호선","1","3","1950","318","삼송","052300","1950","1958","삼송","대화","233530","0342","1958","오금","대화"
"03호선","1","1","1954","313","백석","052300","1950","1958","삼송","대화","243130","0342","1958","오금","대화"
"03호선","2","1","1955","312","마두","052300","1958","0342","대화","오금","242100","1958","1950","대화","삼송"
"03호선","1","1","0334","344","도곡","052400","0334","1958","도곡","대화","244200","0342","0326","오금","압구정"
"03호선","1","1","0338","348","일원","052430","0339","0310","수서","구파발","243500","0342","0326","오금","압구정"
"03호선","1","3","0334","344","도곡","052500","0334","1958","도곡","대화","234230","0342","0326","오금","압구정"
"03호선","1","2","0334","344","도곡","052500","0334","1958","도곡","대화","234230","0342","0326","오금","압구정"
"03호선","1","3","0339","349","수서","052500","0339","1958","수서","대화","233300","0342","0326","오금","압구정"
"03호선","1","2","0339","349","수서","052500","0339","1958","수서","대화","233300","0342","0326","오금","압구정"
"03호선","1","3","1948","317","원흥","052530","1950","1958","삼송","대화","233800","0342","1958","오금","대화"
"03호선","1","2","1948","317","원흥","052530","1950","1958","삼송","대화","233800","0342","1958","오금","대화"
"03호선","1","1","1955","312","마두","052530","1950","1958","삼송","대화","243400","0342","1958","오금","대화"
"03호선","2","1","1954","313","백석","052530","1958","0342","대화","오금","242330","1958","1950","대화","삼송"
"03호선","1","1","0333","343","매봉","052600","0334","1958","도곡","대화","244400","0342","0326","오금","압구정"
"03호선","1","1","0337","347","대청","052630","0339","0310","수서","구파발","243700","0342","0326","오금","압구정"
"03호선","1","2","0333","343","매봉","052700","0334","1958","도곡","대화","234430","0342","0326","오금","압구정"
"03호선","1","3","0333","343","매봉","052700","0334","1958","도곡","대화","234430","0342","0326","오금","압구정"
"03호선","1","1","1956","311","정발산","052730","1950","1958","삼송","대화","243600","0342","1958","오금","대화"
"03호선","1","2","0338","348","일원","052730","0339","1958","수서","대화","233530","0342","0326","오금","압구정"
"03호선","1","3","0338","348","일원","052730","0339","1958","수서","대화","233530","0342","0326","오금","압구정"
"03호선","1","3","0342","352","오금","052800","0342","1958","오금","대화","232700","0342","0326","오금","압구정"
"03호선","1","2","0342","352","오금","052800","0342","1958","오금","대화","232700","0342","0326","오금","압구정"
"03호선","1","3","1951","316","원당","052830","1950","1958","삼송","대화","234100","0342","1958","오금","대화"
"03호선","1","2","1951","316","원당","052830","1950","1958","삼송","대화","234100","0342","1958","오금","대화"
"03호선","1","1","0332","342","양재","052830","0334","1958","도곡","대화","244630","0342","0326","오금","압구정"
"03호선","1","1","0336","346","학여울","052830","0339","0310","수서","구파발","243900","0342","0326","오금","압구정"
"03호선","2","1","1953","314","대곡","052900","1958","0342","대화","오금","242700","1958","1950","대화","삼송"
"03호선","1","2","0332","342","양재","052930","0334","1958","도곡","대화","234700","0342","0326","오금","압구정"
"03호선","1","3","0332","342","양재","052930","0334","1958","도곡","대화","234700","0342","0326","오금","압구정"
"03호선","1","3","0337","347","대청","052930","0339","1958","수서","대화","233730","0342","0326","오금","압구정"
"03호선","1","2","0337","347","대청","052930","0339","1958","수서","대화","233730","0342","0326","오금","압구정"
"03호선","1","2","0341","351","경찰병원","052930","0342","1958","오금","대화","232900","0342","0326","오금","압구정"
"03호선","1","3","0341","351","경찰병원","052930","0342","1958","오금","대화","232900","0342","0326","오금","압구정"
"03호선","2","2","0326","336","압구정","053000","0326","0342","압구정","오금","234700","1958","0334","대화","도곡"
"03호선","2","3","0326","336","압구정","053000","0326","0342","압구정","오금","234700","1958","0334","대화","도곡"
"03호선","2","1","0326","336","압구정","053000","0326","0342","압구정","오금","244300","1958","0334","대화","도곡"
"03호선","1","1","1957","310","주엽","053000","1950","1958","삼송","대화","243830","0342","1958","오금","대화"
"03호선","2","3","0316","326","독립문","053000","0316","0342","독립문","오금","234730","1958","0323","대화","약수"
"03호선","2","2","0316","326","독립문","053000","0316","0342","독립문","오금","234730","1958","0323","대화","약수"
"03호선","2","1","0316","326","독립문","053000","0316","0342","독립문","오금","244730","1958","0323","대화","약수"
"03호선","2","2","0310","320","구파발","053000","0310","0342","구파발","오금","233430","1958","0323","대화","약수"
"03호선","2","1","0310","320","구파발","053000","0310","0342","구파발","오금","243430","1958","0323","대화","약수"
"03호선","2","3","0310","320","구파발","053000","0310","0342","구파발","오금","233430","1958","0323","대화","약수"
"03호선","1","3","0323","333","약수","053000","0323","1958","약수","대화","235100","0342","0316","오금","독립문"
"03호선","1","2","0323","333","약수","053000","0323","1958","약수","대화","235100","0342","0316","오금","독립문"
"03호선","1","1","0323","333","약수","053000","0323","1958","약수","대화","244700","0342","0316","오금","독립문"
"03호선","2","2","1958","309","대화","053000","1958","0342","대화","오금","233600","1958","1950","대화","삼송"
"03호선","2","3","1958","309","대화","053000","1958","0342","대화","오금","233600","1958","1950","대화","삼송"
"03호선","1","1","0335","345","대치","053000","0339","0310","수서","구파발","244030","0342","0326","오금","압구정"
"03호선","1","3","0340","350","가락시장","053100","0342","1958","오금","대화","233030","0342","0326","오금","압구정"
"03호선","1","2","0340","350","가락시장","053100","0342","1958","오금","대화","233030","0342","0326","오금","압구정"
"03호선","1","1","0331","341","남부터미널","053100","0334","1958","도곡","대화","244900","0342","0326","오금","압구정"
"03호선","1","1","0342","352","오금","053100","0342","1958","오금","대화","242700","0342","0326","오금","압구정"
"03호선","1","3","0322","332","동대입구","053130","0323","1958","약수","대화","235230","0342","0316","오금","독립문"
"03호선","1","2","0322","332","동대입구","053130","0323","1958","약수","대화","235230","0342","0316","오금","독립문"
"03호선","1","3","0336","346","학여울","053130","0339","1958","수서","대화","233930","0342","0326","오금","압구정"
"03호선","1","1","0322","332","동대입구","053130","0323","1958","약수","대화","244830","0342","0316","오금","독립문"
"03호선","1","2","0336","346","학여울","053130","0339","1958","수서","대화","233930","0342","0326","오금","압구정"
"03호선","1","3","1952","315","화정","053200","1950","1958","삼송","대화","234430","0342","1958","오금","대화"
"03호선","1","2","1952","315","화정","053200","1950","1958","삼송","대화","234430","0342","1958","오금","대화"
"03호선","2","1","1952","315","화정","053200","1958","0342","대화","오금","243000","1958","1950","대화","삼송"
"03호선","1","2","0331","341","남부터미널","053200","0334","1958","도곡","대화","234930","0342","0326","오금","압구정"
"03호선","1","3","0331","341","남부터미널","053200","0334","1958","도곡","대화","234930","0342","0326","오금","압구정"
"03호선","2","2","0327","337","신사","053230","0326","0342","압구정","오금","234930","1958","0334","대화","도곡"
"03호선","2","3","0327","337","신사","053230","0326","0342","압구정","오금","234930","1958","0334","대화","도곡"
"03호선","2","1","0327","337","신사","053230","0326","0342","압구정","오금","244530","1958","0334","대화","도곡"
"03호선","2","3","0317","327","경복궁","053230","0316","0342","독립문","오금","235000","1958","0323","대화","약수"
"03호선","2","2","0317","327","경복궁","053230","0316","0342","독립문","오금","235000","1958","0323","대화","약수"
"03호선","2","1","0317","327","경복궁","053230","0316","0342","독립문","오금","245000","1958","0323","대화","약수"
"03호선","2","1","0311","321","연신내","053230","0310","0342","구파발","오금","243700","1958","0323","대화","약수"
"03호선","2","3","0311","321","연신내","053230","0310","0342","구파발","오금","233700","1958","0323","대화","약수"
"03호선","2","2","0311","321","연신내","053230","0310","0342","구파발","오금","233700","1958","0323","대화","약수"
"03호선","2","2","1957","310","주엽","053230","1958","0342","대화","오금","233830","1958","1950","대화","삼송"
"03호선","2","3","1957","310","주엽","053230","1958","0342","대화","오금","233830","1958","1950","대화","삼송"
"03호선","1","1","0341","351","경찰병원","053230","0342","1958","오금","대화","242830","0342","0326","오금","압구정"
"03호선","1","2","0335","345","대치","053300","0339","1958","수서","대화","234100","0342","0326","오금","압구정"
"03호선","1","3","0335","345","대치","053300","0339","1958","수서","대화","234100","0342","0326","오금","압구정"
"03호선","1","1","0330","340","교대","053300","0334","1958","도곡","대화","245100","0342","0326","오금","압구정"
"03호선","1","3","0321","331","충무로","053330","0323","1958","약수","대화","235430","0342","0316","오금","독립문"
"03호선","1","2","0321","331","충무로","053330","0323","1958","약수","대화","235430","0342","0316","오금","독립문"
"03호선","1","1","0321","331","충무로","053330","0323","1958","약수","대화","245030","0342","0316","오금","독립문"
"03호선","1","3","0330","340","교대","053400","0334","1958","도곡","대화","235130","0342","0326","오금","압구정"
"03호선","1","2","0330","340","교대","053400","0334","1958","도곡","대화","235130","0342","0326","오금","압구정"
"03호선","1","1","0340","350","가락시장","053400","0342","1958","오금","대화","243000","0342","0326","오금","압구정"
"03호선","2","3","0328","338","잠원","053430","0326","0342","압구정","오금","235130","1958","0334","대화","도곡"
"03호선","2","2","0328","338","잠원","053430","0326","0342","압구정","오금","235130","1958","0334","대화","도곡"
"03호선","2","1","0328","338","잠원","053430","0326","0342","압구정","오금","244730","1958","0334","대화","도곡"
"03호선","2","2","0318","328","안국","053430","0316","0342","독립문","오금","235200","1958","0323","대화","약수"
"03호선","2","1","0318","328","안국","053430","0316","0342","독립문","오금","245200","1958","0323","대화","약수"
"03호선","2","3","0318","328","안국","053430","0316","0342","독립문","오금","235200","1958","0323","대화","약수"
"03호선","2","3","0312","322","불광","053430","0310","0342","구파발","오금","233900","1958","0323","대화","약수"
"03호선","2","2","0312","322","불광","053430","0310","0342","구파발","오금","233900","1958","0323","대화","약수"
"03호선","2","1","0312","322","불광","053430","0310","0342","구파발","오금","243900","1958","0323","대화","약수"
"03호선","1","2","1953","314","대곡","053500","1950","1958","삼송","대화","234730","0342","1958","오금","대화"
"03호선","1","3","1953","314","대곡","053500","1950","1958","삼송","대화","234730","0342","1958","오금","대화"
"03호선","1","3","0320","330","을지로3가","053500","0323","1958","약수","대화","235600","0342","0316","오금","독립문"
"03호선","1","2","0320","330","을지로3가","053500","0323","1958","약수","대화","235600","0342","0316","오금","독립문"
"03호선","1","1","0320","330","을지로3가","053500","0323","1958","약수","대화","245200","0342","0316","오금","독립문"
"03호선","2","3","1956","311","정발산","053500","1958","0342","대화","오금","234100","1958","1950","대화","삼송"
"03호선","2","2","1956","311","정발산","053500","1958","0342","대화","오금","234100","1958","1950","대화","삼송"
"03호선","2","1","1951","316","원당","053530","1958","0342","대화","오금","243330","1958","1950","대화","삼송"
"03호선","1","1","0329","339","고속터미널","053530","0334","1958","도곡","대화","245330","0342","0326","오금","압구정"
"03호선","2","3","0329","339","고속터미널","053630","0326","0342","압구정","오금","235330","1958","0334","대화","도곡"
"03호선","2","2","0329","339","고속터미널","053630","0326","0342","압구정","오금","235330","1958","0334","대화","도곡"
"03호선","2","1","0329","339","고속터미널","053630","0326","0342","압구정","오금","244930","1958","0334","대화","도곡"
"03호선","2","3","0319","329","종로3가","053630","0316","0342","독립문","오금","235400","1958","0323","대화","약수"
"03호선","2","2","0319","329","종로3가","053630","0316","0342","독립문","오금","235400","1958","0323","대화","약수"
"03호선","2","1","0319","329","종로3가","053630","0316","0342","독립문","오금","245400","1958","0323","대화","약수"
"03호선","2","1","0313","323","녹번","053630","0310","0342","구파발","오금","244100","1958","0323","대화","약수"
"03호선","2","2","0313","323","녹번","053630","0310","0342","구파발","오금","234100","1958","0323","대화","약수"
"03호선","2","3","0313","323","녹번","053630","0310","0342","구파발","오금","234100","1958","0323","대화","약수"
"03호선","1","3","0319","329","종로3가","053630","0323","1958","약수","대화","235730","0342","0316","오금","독립문"
"03호선","1","2","0319","329","종로3가","053630","0323","1958","약수","대화","235730","0342","0316","오금","독립문"
"03호선","1","3","0329","339","고속터미널","053630","0334","1958","도곡","대화","235400","0342","0326","오금","압구정"
"03호선","1","2","0329","339","고속터미널","053630","0334","1958","도곡","대화","235400","0342","0326","오금","압구정"
"03호선","1","1","0319","329","종로3가","053630","0323","1958","약수","대화","245400","0342","0316","오금","독립문"
"03호선","2","3","1955","312","마두","053700","1958","0342","대화","오금","234300","1958","1950","대화","삼송"
"03호선","2","2","1955","312","마두","053700","1958","0342","대화","오금","234300","1958","1950","대화","삼송"
"03호선","1","1","0328","338","잠원","053730","0334","1958","도곡","대화","245530","0342","0326","오금","압구정"
"03호선","2","2","0320","330","을지로3가","053800","0316","0342","독립문","오금","235530","1958","0323","대화","약수"
"03호선","2","3","0320","330","을지로3가","053800","0316","0342","독립문","오금","235530","1958","0323","대화","약수"
"03호선","2","1","0320","330","을지로3가","053800","0316","0342","독립문","오금","245530","1958","0323","대화","약수"
"03호선","1","3","1954","313","백석","053830","1950","1958","삼송","대화","235100","0342","1958","오금","대화"
"03호선","1","2","1954","313","백석","053830","1950","1958","삼송","대화","235100","0342","1958","오금","대화"
"03호선","1","3","0318","328","안국","053830","0323","1958","약수","대화","235930","0342","0316","오금","독립문"
"03호선","1","2","0318","328","안국","053830","0323","1958","약수","대화","235930","0342","0316","오금","독립문"
"03호선","2","1","1948","317","원흥","053830","1958","0342","대화","오금","243630","1958","1950","대화","삼송"
"03호선","1","3","0328","338","잠원","053830","0334","1958","도곡","대화","235600","0342","0326","오금","압구정"
"03호선","1","2","0328","338","잠원","053830","0334","1958","도곡","대화","235600","0342","0326","오금","압구정"
"03호선","1","1","0318","328","안국","053830","0323","1958","약수","대화","245600","0342","0316","오금","독립문"
"03호선","2","3","0330","340","교대","053900","0326","0342","압구정","오금","235600","1958","0334","대화","도곡"
"03호선","2","2","0330","340","교대","053900","0326","0342","압구정","오금","235600","1958","0334","대화","도곡"
"03호선","2","1","0330","340","교대","053900","0326","0342","압구정","오금","245200","1958","0334","대화","도곡"
"03호선","2","1","0314","324","홍제","053900","0310","0342","구파발","오금","244330","1958","0323","대화","약수"
"03호선","2","3","0314","324","홍제","053900","0310","0342","구파발","오금","234330","1958","0323","대화","약수"
"03호선","2","2","0314","324","홍제","053900","0310","0342","구파발","오금","234330","1958","0323","대화","약수"
"03호선","2","3","0321","331","충무로","053930","0316","0342","독립문","오금","235700","1958","0323","대화","약수"
"03호선","2","2","0321","331","충무로","053930","0316","0342","독립문","오금","235700","1958","0323","대화","약수"
"03호선","2","1","0321","331","충무로","053930","0316","0342","독립문","오금","245700","1958","0323","대화","약수"
"03호선","2","2","1954","313","백석","053930","1958","0342","대화","오금","234530","1958","1950","대화","삼송"
"03호선","2","3","1954","313","백석","053930","1958","0342","대화","오금","234530","1958","1950","대화","삼송"
"03호선","1","1","0327","337","신사","053930","0334","1958","도곡","대화","245730","0342","0326","오금","압구정"
"03호선","1","2","0317","327","경복궁","054030","0323","1958","약수","대화","240130","0342","0316","오금","독립문"
"03호선","1","3","0317","327","경복궁","054030","0323","1958","약수","대화","240130","0342","0316","오금","독립문"
"03호선","1","2","0327","337","신사","054030","0334","1958","도곡","대화","235800","0342","0326","오금","압구정"
"03호선","1","3","0327","337","신사","054030","0334","1958","도곡","대화","235800","0342","0326","오금","압구정"
"03호선","1","1","0317","327","경복궁","054030","0323","1958","약수","대화","245800","0342","0316","오금","독립문"
"03호선","2","1","0331","341","남부터미널","054100","0326","0342","압구정","오금","245400","1958","0334","대화","도곡"
"03호선","2","2","0331","341","남부터미널","054100","0326","0342","압구정","오금","235800","1958","0334","대화","도곡"
"03호선","2","3","0331","341","남부터미널","054100","0326","0342","압구정","오금","235800","1958","0334","대화","도곡"
"03호선","1","3","1955","312","마두","054100","1950","1958","삼송","대화","235330","0342","1958","오금","대화"
"03호선","1","2","1955","312","마두","054100","1950","1958","삼송","대화","235330","0342","1958","오금","대화"
"03호선","2","3","0315","325","무악재","054100","0310","0342","구파발","오금","234530","1958","0323","대화","약수"
"03호선","2","2","0315","325","무악재","054100","0310","0342","구파발","오금","234530","1958","0323","대화","약수"
"03호선","2","1","0315","325","무악재","054100","0310","0342","구파발","오금","244530","1958","0323","대화","약수"
"03호선","2","1","1950","318","삼송","054100","1958","0342","대화","오금","242800","1958","0323","대화","약수"
"03호선","2","1","0322","332","동대입구","054130","0316","0342","독립문","오금","245900","1958","0323","대화","약수"
"03호선","2","3","0322","332","동대입구","054130","0316","0342","독립문","오금","235900","1958","0323","대화","약수"
"03호선","2","2","0322","332","동대입구","054130","0316","0342","독립문","오금","235900","1958","0323","대화","약수"
"03호선","1","1","0326","336","압구정","054200","0334","1958","도곡","대화","244130","0342","0316","오금","독립문"
"03호선","1","2","1956","311","정발산","054300","1950","1958","삼송","대화","235530","0342","1958","오금","대화"
"03호선","1","3","1956","311","정발산","054300","1950","1958","삼송","대화","235530","0342","1958","오금","대화"
"03호선","2","1","0323","333","약수","054300","0316","0342","독립문","오금","243730","1958","0334","대화","도곡"
"03호선","2","2","0323","333","약수","054300","0316","0342","독립문","오금","234130","1958","0334","대화","도곡"
"03호선","2","3","0323","333","약수","054300","0316","0342","독립문","오금","234130","1958","0334","대화","도곡"
"03호선","1","3","0316","326","독립문","054300","0323","1958","약수","대화","235200","0342","0310","오금","구파발"
"03호선","1","2","0316","326","독립문","054300","0323","1958","약수","대화","235200","0342","0310","오금","구파발"
"03호선","1","2","0326","336","압구정","054300","0334","1958","도곡","대화","234530","0342","0316","오금","독립문"
"03호선","1","3","0326","336","압구정","054300","0334","1958","도곡","대화","234530","0342","0316","오금","독립문"
"03호선","1","1","0316","326","독립문","054300","0323","1958","약수","대화","244430","0342","0310","오금","구파발"
"03호선","2","3","1953","314","대곡","054300","1958","0342","대화","오금","234900","1958","1950","대화","삼송"
"03호선","2","2","1953","314","대곡","054300","1958","0342","대화","오금","234900","1958","1950","대화","삼송"
"03호선","2","3","0332","342","양재","054330","0326","0342","압구정","오금","240030","1958","0334","대화","도곡"
"03호선","2","2","0332","342","양재","054330","0326","0342","압구정","오금","240030","1958","0334","대화","도곡"
"03호선","2","1","0332","342","양재","054330","0326","0342","압구정","오금","245630","1958","0334","대화","도곡"
"03호선","2","1","0309","319","지축","054400","1958","0342","대화","오금","243100","1958","0323","대화","약수"
"03호선","2","2","0324","334","금호","054430","0316","0342","독립문","오금","234300","1958","0334","대화","도곡"
"03호선","2","1","0324","334","금호","054430","0316","0342","독립문","오금","243900","1958","0334","대화","도곡"
"03호선","2","3","0324","334","금호","054430","0316","0342","독립문","오금","234300","1958","0334","대화","도곡"
"03호선","1","1","0325","335","옥수","054430","0334","1958","도곡","대화","244400","0342","0316","오금","독립문"
"03호선","1","2","0315","325","무악재","054500","0323","1958","약수","대화","235400","0342","0310","오금","구파발"
"03호선","1","3","0315","325","무악재","054500","0323","1958","약수","대화","235400","0342","0310","오금","구파발"
"03호선","1","1","0315","325","무악재","054500","0323","1958","약수","대화","244630","0342","0310","오금","구파발"
"03호선","1","3","1957","310","주엽","054530","1950","1958","삼송","대화","235800","0342","1958","오금","대화"
"03호선","1","2","1957","310","주엽","054530","1950","1958","삼송","대화","235800","0342","1958","오금","대화"
"03호선","1","3","0325","335","옥수","054530","0334","1958","도곡","대화","234800","0342","0316","오금","독립문"
"03호선","1","2","0325","335","옥수","054530","0334","1958","도곡","대화","234800","0342","0316","오금","독립문"
"03호선","2","1","0333","343","매봉","054600","0326","0342","압구정","오금","245900","1958","0334","대화","도곡"
"03호선","2","2","0333","343","매봉","054600","0326","0342","압구정","오금","240300","1958","0334","대화","도곡"
"03호선","2","3","0333","343","매봉","054600","0326","0342","압구정","오금","240300","1958","0334","대화","도곡"
"03호선","2","1","0325","335","옥수","054600","0316","0342","독립문","오금","244030","1958","0334","대화","도곡"
"03호선","2","2","0325","335","옥수","054600","0316","0342","독립문","오금","234430","1958","0334","대화","도곡"
"03호선","2","3","0325","335","옥수","054600","0316","0342","독립문","오금","234430","1958","0334","대화","도곡"
"03호선","2","3","1952","315","화정","054600","1958","0342","대화","오금","235200","1958","1950","대화","삼송"
"03호선","2","2","1952","315","화정","054600","1958","0342","대화","오금","235200","1958","1950","대화","삼송"
"03호선","1","1","0324","334","금호","054600","0334","1958","도곡","대화","244530","0342","0316","오금","독립문"
"03호선","1","2","0314","324","홍제","054700","0323","1958","약수","대화","235600","0342","0310","오금","구파발"
"03호선","1","3","0314","324","홍제","054700","0323","1958","약수","대화","235600","0342","0310","오금","구파발"
"03호선","1","2","0324","334","금호","054700","0334","1958","도곡","대화","234930","0342","0316","오금","독립문"
"03호선","1","3","0324","334","금호","054700","0334","1958","도곡","대화","234930","0342","0316","오금","독립문"
"03호선","1","1","0314","324","홍제","054700","0323","1958","약수","대화","244830","0342","0310","오금","구파발"
"03호선","2","1","0334","344","도곡","054800","0326","0342","압구정","오금","245130","0310","0339","구파발","수서"
"03호선","2","3","0334","344","도곡","054800","0326","0342","압구정","오금","235500","1958","0339","대화","수서"
"03호선","2","2","0334","344","도곡","054800","0326","0342","압구정","오금","235500","1958","0339","대화","수서"
"03호선","2","1","0335","345","대치","054930","0326","0342","압구정","오금","245300","0310","0339","구파발","수서"
"03호선","2","2","0335","345","대치","054930","0326","0342","압구정","오금","235630","1958","0339","대화","수서"
"03호선","2","3","0335","345","대치","054930","0326","0342","압구정","오금","235630","1958","0339","대화","수서"
"03호선","1","2","0313","323","녹번","054930","0323","1958","약수","대화","235830","0342","0310","오금","구파발"
"03호선","1","3","0313","323","녹번","054930","0323","1958","약수","대화","235830","0342","0310","오금","구파발"
"03호선","1","1","0313","323","녹번","054930","0323","1958","약수","대화","245100","0342","0310","오금","구파발"
"03호선","2","2","1951","316","원당","054930","1958","0342","대화","오금","235530","1958","1950","대화","삼송"
"03호선","2","3","1951","316","원당","054930","1958","0342","대화","오금","235530","1958","1950","대화","삼송"
"03호선","2","1","0336","346","학여울","055100","0326","0342","압구정","오금","245430","0310","0339","구파발","수서"
"03호선","2","3","0336","346","학여울","055100","0326","0342","압구정","오금","235800","1958","0339","대화","수서"
"03호선","2","2","0336","346","학여울","055100","0326","0342","압구정","오금","235800","1958","0339","대화","수서"
"03호선","1","3","0312","322","불광","055130","0323","1958","약수","대화","240030","0342","0310","오금","구파발"
"03호선","1","2","0312","322","불광","055130","0323","1958","약수","대화","240030","0342","0310","오금","구파발"
"03호선","1","1","0312","322","불광","055130","0323","1958","약수","대화","245300","0342","0310","오금","구파발"
"03호선","2","3","1948","317","원흥","055230","1958","0342","대화","오금","235830","1958","1950","대화","삼송"
"03호선","2","2","1948","317","원흥","055230","1958","0342","대화","오금","235830","1958","1950","대화","삼송"
"03호선","2","3","0337","347","대청","055300","0326","0342","압구정","오금","240000","1958","0339","대화","수서"
"03호선","2","2","0337","347","대청","055300","0326","0342","압구정","오금","240000","1958","0339","대화","수서"
"03호선","2","1","0337","347","대청","055300","0326","0342","압구정","오금","245630","0310","0339","구파발","수서"
"03호선","1","2","0311","321","연신내","055330","0323","1958","약수","대화","240230","0342","0310","오금","구파발"
"03호선","1","3","0311","321","연신내","055330","0323","1958","약수","대화","240230","0342","0310","오금","구파발"
"03호선","1","1","0311","321","연신내","055330","0323","1958","약수","대화","245500","0342","0310","오금","구파발"
"03호선","2","1","0338","348","일원","055500","0326","0342","압구정","오금","245830","0310","0339","구파발","수서"
"03호선","2","2","0338","348","일원","055500","0326","0342","압구정","오금","240200","1958","0339","대화","수서"
"03호선","2","3","0338","348","일원","055500","0326","0342","압구정","오금","240200","1958","0339","대화","수서"
"03호선","2","3","1950","318","삼송","055500","1958","0342","대화","오금","234500","1958","0310","대화","구파발"
"03호선","2","2","1950","318","삼송","055500","1958","0342","대화","오금","234500","1958","0310","대화","구파발"
"03호선","1","2","0310","320","구파발","055600","0323","1958","약수","대화","232900","0342","1958","오금","대화"
"03호선","1","3","0310","320","구파발","055600","0323","1958","약수","대화","232900","0342","1958","오금","대화"
"03호선","1","1","0310","320","구파발","055600","0323","1958","약수","대화","240930","0342","1958","오금","대화"
"03호선","2","2","0339","349","수서","055730","0326","0342","압구정","오금","235530","1958","0342","대화","오금"
"03호선","2","1","0339","349","수서","055730","0326","0342","압구정","오금","244300","0310","0342","구파발","오금"
"03호선","2","3","0339","349","수서","055730","0326","0342","압구정","오금","235530","1958","0342","대화","오금"
"03호선","2","2","0309","319","지축","055800","1958","0342","대화","오금","234800","1958","0310","대화","구파발"
"03호선","2","3","0309","319","지축","055800","1958","0342","대화","오금","234800","1958","0310","대화","구파발"
"03호선","1","2","0309","319","지축","055930","0323","1958","약수","대화","233230","0342","1958","오금","대화"
"03호선","1","3","0309","319","지축","055930","0323","1958","약수","대화","233230","0342","1958","오금","대화"
"03호선","1","1","0309","319","지축","055930","0323","1958","약수","대화","241300","0342","1958","오금","대화"
"03호선","2","2","0340","350","가락시장","060000","0326","0342","압구정","오금","235800","1958","0342","대화","오금"
"03호선","2","1","0340","350","가락시장","060000","0326","0342","압구정","오금","244530","0310","0342","구파발","오금"
"03호선","2","3","0340","350","가락시장","060000","0326","0342","압구정","오금","235800","1958","0342","대화","오금"
"03호선","2","1","0341","351","경찰병원","060130","0326","0342","압구정","오금","244700","0310","0342","구파발","오금"
"03호선","2","3","0341","351","경찰병원","060130","0326","0342","압구정","오금","235930","1958","0342","대화","오금"
"03호선","2","2","0341","351","경찰병원","060130","0326","0342","압구정","오금","235930","1958","0342","대화","오금"
"04호선","1","1","1759","453","안산","050800","1759","0409","안산","불암산","241130","1762","1458","오이도","금정"
"04호선","1","1","1758","452","초지","051030","1759","0409","안산","불암산","241400","1762","1458","오이도","금정"
"04호선","1","1","1757","451","고잔","051300","1759","0409","안산","불암산","241630","1762","1458","오이도","금정"
"04호선","1","1","1762","456","오이도","051300","1762","0409","오이도","불암산","240200","1762","1458","오이도","금정"
"04호선","1","1","1751","444","산본","051400","1751","0409","산본","불암산","243430","1762","1458","오이도","금정"
"04호선","1","1","1756","450","중앙","051500","1759","0409","안산","불암산","241830","1762","1458","오이도","금정"
"04호선","1","1","1761","455","정왕","051600","1762","0409","오이도","불암산","240500","1762","1458","오이도","금정"
"04호선","1","1","1755","449","한대앞","051730","1759","0409","안산","불암산","242100","1762","1458","오이도","금정"
"04호선","1","1","1458","443","금정","051830","1751","0409","산본","불암산","240530","1762","0419","오이도","한성대입구"
"04호선","1","1","1760","454","신길온천","051900","1762","0409","오이도","불암산","240800","1762","1458","오이도","금정"
"04호선","1","1","1754","448","상록수","051930","1759","0409","안산","불암산","242300","1762","1458","오이도","금정"
"04호선","1","2","1759","453","안산","052030","1759","0409","안산","불암산","233330","1762","1458","오이도","금정"
"04호선","1","3","1759","453","안산","052030","1759","0409","안산","불암산","233330","1762","1458","오이도","금정"
"04호선","1","1","1457","442","범계","052200","1751","0409","산본","불암산","240900","1762","0419","오이도","한성대입구"
"04호선","1","3","1758","452","초지","052300","1759","0409","안산","불암산","233600","1762","1458","오이도","금정"
"04호선","1","1","1753","447","반월","052300","1759","0409","안산","불암산","242630","1762","1458","오이도","금정"
"04호선","1","2","1758","452","초지","052300","1759","0409","안산","불암산","233600","1762","1458","오이도","금정"
"04호선","1","1","1456","441","평촌","052400","1751","0409","산본","불암산","241100","1762","0419","오이도","한성대입구"
"04호선","1","3","1757","451","고잔","052530","1759","0409","안산","불암산","233830","1762","1458","오이도","금정"
"04호선","1","2","1757","451","고잔","052530","1759","0409","안산","불암산","233830","1762","1458","오이도","금정"
"04호선","1","1","1752","446","대야미","052530","1759","0409","안산","불암산","242900","1762","1458","오이도","금정"
"04호선","1","1","1455","440","인덕원","052630","1751","0409","산본","불암산","241330","1762","0419","오이도","한성대입구"
"04호선","1","2","1751","444","산본","052700","1751","0409","산본","불암산","235630","1762","1458","오이도","금정"
"04호선","1","3","1751","444","산본","052700","1751","0409","산본","불암산","235630","1762","1458","오이도","금정"
"04호선","1","3","1756","450","중앙","052730","1759","0409","안산","불암산","234030","1762","1458","오이도","금정"
"04호선","1","2","1756","450","중앙","052730","1759","0409","안산","불암산","234030","1762","1458","오이도","금정"
"04호선","2","1","0411","411","노원","052900","0411","1762","노원","오이도","242830","0405","0426","진접","서울역"
"04호선","1","1","1763","445","수리산","052900","1759","0409","안산","불암산","243230","1762","1458","오이도","금정"
"04호선","2","2","0411","411","노원","053000","0411","0433","노원","사당","232900","0405","0426","진접","서울역"
"04호선","2","1","0409","409","불암산","053000","0409","0433","불암산","사당","242330","0405","0426","진접","서울역"
"04호선","2","3","0411","411","노원","053000","0411","0433","노원","사당","232900","0405","0426","진접","서울역"
"04호선","1","1","0409","409","불암산","053000","0409","0405","불암산","진접","243730","1762","0405","오이도","진접"
"04호선","1","1","0426","426","서울역","053000","0426","0405","서울역","진접","244700","1762","0419","오이도","한성대입구"
"04호선","1","3","0426","426","서울역","053000","0426","0405","서울역","진접","234430","1762","0419","오이도","한성대입구"
"04호선","1","2","0426","426","서울역","053000","0426","0405","서울역","진접","234430","1762","0419","오이도","한성대입구"
"04호선","1","2","0434","434","남태령","053000","0434","0405","남태령","진접","234930","1762","0433","오이도","사당"
"04호선","1","3","0434","434","남태령","053000","0434","0405","남태령","진접","234930","1762","0433","오이도","사당"
"04호선","1","1","0434","434","남태령","053000","0434","0405","남태령","진접","242800","1762","0419","오이도","한성대입구"
"04호선","2","2","0409","409","불암산","053000","0409","1762","불암산","오이도","232400","0405","0426","진접","서울역"
"04호선","2","3","0409","409","불암산","053000","0409","1762","불암산","오이도","232400","0405","0426","진접","서울역"
"04호선","1","1","1454","439","정부과천청사","053000","1751","0409","산본","불암산","241700","1762","0419","오이도","한성대입구"
"04호선","1","3","1755","449","한대앞","053000","1759","0409","안산","불암산","234300","1762","1458","오이도","금정"
"04호선","1","2","1755","449","한대앞","053000","1759","0409","안산","불암산","234300","1762","1458","오이도","금정"
"04호선","2","1","1759","453","안산","053000","1759","1762","안산","오이도","242130","0409","1762","불암산","오이도"
"04호선","1","3","1762","456","오이도","053000","1762","0409","오이도","불암산","232400","1762","1458","오이도","금정"
"04호선","1","2","1762","456","오이도","053000","1762","0409","오이도","불암산","232400","1762","1458","오이도","금정"
"04호선","1","2","0409","409","불암산","053100","0409","0405","불암산","진접","234430","0433","0405","사당","진접"
"04호선","1","3","0409","409","불암산","053100","0409","0405","불암산","진접","234430","0433","0405","사당","진접"
"04호선","2","1","0412","412","창동","053100","0411","1762","노원","오이도","243030","0405","0426","진접","서울역"
"04호선","1","3","1458","443","금정","053130","1751","0409","산본","불암산","232700","1762","0433","오이도","사당"
"04호선","1","2","1458","443","금정","053130","1751","0409","산본","불암산","232700","1762","0433","오이도","사당"
"04호선","2","2","0412","412","창동","053200","0411","0433","노원","사당","233100","0405","0426","진접","서울역"
"04호선","2","3","0412","412","창동","053200","0411","0433","노원","사당","233100","0405","0426","진접","서울역"
"04호선","1","3","0425","425","회현","053200","0426","0405","서울역","진접","234630","1762","0419","오이도","한성대입구"
"04호선","1","1","0425","425","회현","053200","0426","0405","서울역","진접","244900","1762","0419","오이도","한성대입구"
"04호선","1","2","0425","425","회현","053200","0426","0405","서울역","진접","234630","1762","0419","오이도","한성대입구"
"04호선","1","1","1453","438","과천","053200","1751","0409","산본","불암산","241900","1762","0419","오이도","한성대입구"
"04호선","1","3","1754","448","상록수","053200","1759","0409","안산","불암산","234500","1762","1458","오이도","금정"
"04호선","1","2","1754","448","상록수","053200","1759","0409","안산","불암산","234500","1762","1458","오이도","금정"
"04호선","2","3","0405","405","진접","053230","0405","0433","진접","사당","233430","0405","0409","진접","불암산"
"04호선","2","2","0405","405","진접","053230","0405","0433","진접","사당","233430","0405","0409","진접","불암산"
"04호선","1","3","0433","433","사당","053230","0434","0405","남태령","진접","232800","1762","0419","오이도","한성대입구"
"04호선","1","1","0433","433","사당","053230","0434","0405","남태령","진접","243030","1762","0419","오이도","한성대입구"
"04호선","1","2","0433","433","사당","053230","0434","0405","남태령","진접","232800","1762","0419","오이도","한성대입구"
"04호선","2","1","0410","410","상계","053300","0409","0433","불암산","사당","242630","0405","0426","진접","서울역"
"04호선","2","2","0410","410","상계","053300","0409","1762","불암산","오이도","232700","0405","0426","진접","서울역"
"04호선","2","3","0410","410","상계","053300","0409","1762","불암산","오이도","232700","0405","0426","진접","서울역"
"04호선","2","1","1760","454","신길온천","053300","1759","1762","안산","오이도","242430","0409","1762","불암산","오이도"
"04호선","1","3","1761","455","정왕","053300","1762","0409","오이도","불암산","232700","1762","1458","오이도","금정"
"04호선","1","2","1761","455","정왕","053300","1762","0409","오이도","불암산","232700","1762","1458","오이도","금정"
"04호선","1","2","0424","424","명동","053330","0426","0405","서울역","진접","234800","1762","0419","오이도","한성대입구"
"04호선","1","1","0424","424","명동","053330","0426","0405","서울역","진접","245030","1762","0419","오이도","한성대입구"
"04호선","1","3","0424","424","명동","053330","0426","0405","서울역","진접","234800","1762","0419","오이도","한성대입구"
"04호선","2","1","0419","419","한성대입구","053330","0419","1762","한성대입구","오이도","244700","0405","0426","진접","서울역"
"04호선","2","1","0413","413","쌍문","053330","0411","1762","노원","오이도","243300","0405","0426","진접","서울역"
"04호선","1","1","1452","437","대공원","053400","1751","0409","산본","불암산","242100","1762","0419","오이도","한성대입구"
"04호선","2","3","0413","413","쌍문","053430","0411","0433","노원","사당","233330","0405","0426","진접","서울역"
"04호선","2","2","0413","413","쌍문","053430","0411","0433","노원","사당","233330","0405","0426","진접","서울역"
"04호선","1","2","0432","432","총신대입구","053430","0434","0405","남태령","진접","233000","1762","0419","오이도","한성대입구"
"04호선","1","1","0432","432","총신대입구","053430","0434","0405","남태령","진접","243230","1762","0419","오이도","한성대입구"
"04호선","1","3","0432","432","총신대입구","053430","0434","0405","남태령","진접","233000","1762","0419","오이도","한성대입구"
"04호선","1","1","0423","423","충무로","053500","0426","0405","서울역","진접","245200","1762","0419","오이도","한성대입구"
"04호선","1","2","0423","423","충무로","053500","0426","0405","서울역","진접","234930","1762","0419","오이도","한성대입구"
"04호선","1","3","0423","423","충무로","053500","0426","0405","서울역","진접","234930","1762","0419","오이도","한성대입구"
"04호선","2","1","0405","405","진접","053500","0405","0433","진접","사당","244500","0405","0409","진접","불암산"
"04호선","1","2","1457","442","범계","053500","1751","0409","산본","불암산","233030","1762","0433","오이도","사당"
"04호선","1","3","1457","442","범계","053500","1751","0409","산본","불암산","233030","1762","0433","오이도","사당"
"04호선","1","1","0408","408","별내별가람","053530","0409","0405","불암산","진접","244300","1762","0405","오이도","진접"
"04호선","2","2","0406","406","오남","053530","0405","0433","진접","사당","233730","0405","0409","진접","불암산"
"04호선","2","3","0406","406","오남","053530","0405","0433","진접","사당","233730","0405","0409","진접","불암산"
"04호선","2","1","0420","420","혜화","053530","0419","1762","한성대입구","오이도","244900","0405","0426","진접","서울역"
"04호선","1","3","1753","447","반월","053530","1759","0409","안산","불암산","234830","1762","1458","오이도","금정"
"04호선","1","2","1753","447","반월","053530","1759","0409","안산","불암산","234830","1762","1458","오이도","금정"
"04호선","2","1","0414","414","수유","053600","0411","1762","노원","오이도","243530","0405","0426","진접","서울역"
"04호선","1","1","1451","436","경마공원","053600","1751","0409","산본","불암산","242300","1762","0419","오이도","한성대입구"
"04호선","2","1","1761","455","정왕","053600","1759","1762","안산","오이도","242730","0409","1762","불암산","오이도"
"04호선","1","2","1760","454","신길온천","053600","1762","0409","오이도","불암산","233000","1762","1458","오이도","금정"
"04호선","1","3","1760","454","신길온천","053600","1762","0409","오이도","불암산","233000","1762","1458","오이도","금정"
"04호선","1","3","0408","408","별내별가람","053630","0409","0405","불암산","진접","235000","0433","0405","사당","진접"
"04호선","1","2","0408","408","별내별가람","053630","0409","0405","불암산","진접","235000","0433","0405","사당","진접"
"04호선","2","3","0414","414","수유","053700","0411","0433","노원","사당","233600","0405","0426","진접","서울역"
"04호선","2","2","0414","414","수유","053700","0411","0433","노원","사당","233600","0405","0426","진접","서울역"
"04호선","2","2","0419","419","한성대입구","053700","0419","1762","한성대입구","오이도","234730","0405","0426","진접","서울역"
"04호선","2","3","0419","419","한성대입구","053700","0419","1762","한성대입구","오이도","234730","0405","0426","진접","서울역"
"04호선","1","3","1456","441","평촌","053700","1751","0409","산본","불암산","233230","1762","0433","오이도","사당"
"04호선","1","2","1456","441","평촌","053700","1751","0409","산본","불암산","233230","1762","0433","오이도","사당"
"04호선","1","3","0422","422","동대문역사문화공원","053730","0426","0405","서울역","진접","235200","1762","0419","오이도","한성대입구"
"04호선","1","2","0422","422","동대문역사문화공원","053730","0426","0405","서울역","진접","235200","1762","0419","오이도","한성대입구"
"04호선","1","1","0422","422","동대문역사문화공원","053730","0426","0405","서울역","진접","245430","1762","0419","오이도","한성대입구"
"04호선","1","1","0431","431","동작","053730","0434","0405","남태령","진접","243530","1762","0419","오이도","한성대입구"
"04호선","1","2","0431","431","동작","053730","0434","0405","남태령","진접","233300","1762","0419","오이도","한성대입구"
"04호선","1","3","0431","431","동작","053730","0434","0405","남태령","진접","233300","1762","0419","오이도","한성대입구"
"04호선","2","1","0406","406","오남","053800","0405","0433","진접","사당","244800","0405","0409","진접","불암산"
"04호선","2","1","0421","421","동대문","053800","0419","1762","한성대입구","오이도","245130","0405","0426","진접","서울역"
"04호선","2","1","0415","415","미아","053800","0411","1762","노원","오이도","243730","0405","0426","진접","서울역"
"04호선","1","1","1450","435","선바위","053800","1751","0409","산본","불암산","242500","1762","0419","오이도","한성대입구"
"04호선","1","2","1752","446","대야미","053800","1759","0409","안산","불암산","235100","1762","1458","오이도","금정"
"04호선","1","3","1752","446","대야미","053800","1759","0409","안산","불암산","235100","1762","1458","오이도","금정"
"04호선","2","3","0415","415","미아","053900","0411","0433","노원","사당","233800","0405","0426","진접","서울역"
"04호선","2","2","0415","415","미아","053900","0411","0433","노원","사당","233800","0405","0426","진접","서울역"
"04호선","1","3","0421","421","동대문","053900","0426","0405","서울역","진접","235330","1762","0419","오이도","한성대입구"
"04호선","1","1","0421","421","동대문","053900","0426","0405","서울역","진접","245600","1762","0419","오이도","한성대입구"
"04호선","1","2","0421","421","동대문","053900","0426","0405","서울역","진접","235330","1762","0419","오이도","한성대입구"
"04호선","2","3","0420","420","혜화","053900","0419","1762","한성대입구","오이도","234930","0405","0426","진접","서울역"
"04호선","2","2","0420","420","혜화","053900","0419","1762","한성대입구","오이도","234930","0405","0426","진접","서울역"
"04호선","2","1","0422","422","동대문역사문화공원","053930","0419","1762","한성대입구","오이도","245300","0405","0426","진접","서울역"
"04호선","1","3","1455","440","인덕원","053930","1751","0409","산본","불암산","233500","1762","0433","오이도","사당"
"04호선","1","2","1455","440","인덕원","053930","1751","0409","산본","불암산","233500","1762","0433","오이도","사당"
"04호선","2","2","1458","443","금정","054000","1458","1762","금정","오이도","242530","0409","1751","불암산","산본"
"04호선","2","3","1458","443","금정","054000","1458","1762","금정","오이도","242530","0409","1751","불암산","산본"
"04호선","2","1","0416","416","미아사거리","054030","0411","1762","노원","오이도","244000","0405","0426","진접","서울역"
"04호선","1","2","0430","430","이촌","054100","0434","0405","남태령","진접","233630","1762","0419","오이도","한성대입구"
"04호선","1","1","0430","430","이촌","054100","0434","0405","남태령","진접","243900","1762","0419","오이도","한성대입구"
"04호선","1","3","0430","430","이촌","054100","0434","0405","남태령","진접","233630","1762","0419","오이도","한성대입구"
"04호선","2","2","0416","416","미아사거리","054130","0411","0433","노원","사당","234030","0405","0426","진접","서울역"
"04호선","2","3","0416","416","미아사거리","054130","0411","0433","노원","사당","234030","0405","0426","진접","서울역"
"04호선","1","2","0420","420","혜화","054130","0426","0405","서울역","진접","235600","1762","0419","오이도","한성대입구"
"04호선","1","3","0420","420","혜화","054130","0426","0405","서울역","진접","235600","1762","0419","오이도","한성대입구"
"04호선","1","1","0420","420","혜화","054130","0426","0405","서울역","진접","245830","1762","0419","오이도","한성대입구"
"04호선","2","2","0421","421","동대문","054130","0419","1762","한성대입구","오이도","235200","0405","0426","진접","서울역"
"04호선","2","3","0421","421","동대문","054130","0419","1762","한성대입구","오이도","235200","0405","0426","진접","서울역"
"04호선","1","3","1763","445","수리산","054130","1759","0409","안산","불암산","235430","1762","1458","오이도","금정"
"04호선","1","2","1763","445","수리산","054130","1759","0409","안산","불암산","235430","1762","1458","오이도","금정"
"04호선","2","1","0423","423","충무로","054200","0419","1762","한성대입구","오이도","245530","0405","0426","진접","서울역"
"04호선","1","1","0406","406","오남","054230","0409","0405","불암산","진접","245000","1762","0405","오이도","진접"
"04호선","2","3","0408","408","별내별가람","054230","0405","0433","진접","사당","234430","0405","0409","진접","불암산"
"04호선","2","2","0408","408","별내별가람","054230","0405","0433","진접","사당","234430","0405","0409","진접","불암산"
"04호선","2","3","0422","422","동대문역사문화공원","054300","0419","1762","한성대입구","오이도","235330","0405","0426","진접","서울역"
"04호선","2","2","0422","422","동대문역사문화공원","054300","0419","1762","한성대입구","오이도","235330","0405","0426","진접","서울역"
"04호선","2","1","0417","417","길음","054300","0411","1762","노원","오이도","244230","0405","0426","진접","서울역"
"04호선","1","3","1454","439","정부과천청사","054300","1751","0409","산본","불암산","233830","1762","0433","오이도","사당"
"04호선","1","2","1454","439","정부과천청사","054300","1751","0409","산본","불암산","233830","1762","0433","오이도","사당"
"04호선","2","1","1458","443","금정","054300","1458","1762","금정","오이도","240730","0409","1759","불암산","안산"
"04호선","1","2","0406","406","오남","054330","0409","0405","불암산","진접","235700","0433","0405","사당","진접"
"04호선","1","3","0406","406","오남","054330","0409","0405","불암산","진접","235700","0433","0405","사당","진접"
"04호선","1","2","0419","419","한성대입구","054330","0426","0405","서울역","진접","234200","0433","0411","사당","노원"
"04호선","1","3","0419","419","한성대입구","054330","0426","0405","서울역","진접","234200","0433","0411","사당","노원"
"04호선","1","1","0419","419","한성대입구","054330","0426","0405","서울역","진접","244200","0433","0409","사당","불암산"
"04호선","1","2","0429","429","신용산","054330","0434","0405","남태령","진접","233900","1762","0419","오이도","한성대입구"
"04호선","1","1","0429","429","신용산","054330","0434","0405","남태령","진접","244130","1762","0419","오이도","한성대입구"
"04호선","1","3","0429","429","신용산","054330","0434","0405","남태령","진접","233900","1762","0419","오이도","한성대입구"
"04호선","2","1","0424","424","명동","054330","0419","1762","한성대입구","오이도","245700","0405","0426","진접","서울역"
"04호선","2","2","0417","417","길음","054400","0411","0433","노원","사당","234300","0405","0426","진접","서울역"
"04호선","2","3","0417","417","길음","054400","0411","0433","노원","사당","234300","0405","0426","진접","서울역"
"04호선","2","2","1751","444","산본","054430","1458","1762","금정","오이도","240800","0409","1759","불암산","안산"
"04호선","2","3","1751","444","산본","054430","1458","1762","금정","오이도","240800","0409","1759","불암산","안산"
"04호선","2","1","0408","408","별내별가람","054500","0405","0433","진접","사당","245500","0405","0409","진접","불암산"
"04호선","1","2","0428","428","삼각지","054500","0434","0405","남태령","진접","234030","1762","0419","오이도","한성대입구"
"04호선","1","1","0428","428","삼각지","054500","0434","0405","남태령","진접","244300","1762","0419","오이도","한성대입구"
"04호선","1","3","0428","428","삼각지","054500","0434","0405","남태령","진접","234030","1762","0419","오이도","한성대입구"
"04호선","2","1","0425","425","회현","054500","0419","1762","한성대입구","오이도","245830","0405","0426","진접","서울역"
"04호선","1","2","1453","438","과천","054500","1751","0409","산본","불암산","234030","1762","0433","오이도","사당"
"04호선","1","3","1453","438","과천","054500","1751","0409","산본","불암산","234030","1762","0433","오이도","사당"
"04호선","1","3","0418","418","성신여대입구","054530","0426","0405","서울역","진접","234400","0433","0411","사당","노원"
"04호선","1","2","0418","418","성신여대입구","054530","0426","0405","서울역","진접","234400","0433","0411","사당","노원"
"04호선","1","1","0418","418","성신여대입구","054530","0426","0405","서울역","진접","244400","0433","0409","사당","불암산"
"04호선","2","3","0423","423","충무로","054530","0419","1762","한성대입구","오이도","235600","0405","0426","진접","서울역"
"04호선","2","2","0423","423","충무로","054530","0419","1762","한성대입구","오이도","235600","0405","0426","진접","서울역"
"04호선","2","1","0418","418","성신여대입구","054530","0411","1762","노원","오이도","244500","0405","0426","진접","서울역"
"04호선","2","2","0418","418","성신여대입구","054630","0411","0433","노원","사당","234530","0405","0426","진접","서울역"
"04호선","2","3","0418","418","성신여대입구","054630","0411","0433","노원","사당","234530","0405","0426","진접","서울역"
"04호선","2","2","1763","445","수리산","054630","1458","1762","금정","오이도","241000","0409","1759","불암산","안산"
"04호선","2","3","1763","445","수리산","054630","1458","1762","금정","오이도","241000","0409","1759","불암산","안산"
"04호선","1","3","0427","427","숙대입구","054700","0434","0405","남태령","진접","234230","1762","0419","오이도","한성대입구"
"04호선","1","2","0427","427","숙대입구","054700","0434","0405","남태령","진접","234230","1762","0419","오이도","한성대입구"
"04호선","1","1","0427","427","숙대입구","054700","0434","0405","남태령","진접","244500","1762","0419","오이도","한성대입구"
"04호선","2","3","0424","424","명동","054700","0419","1762","한성대입구","오이도","235730","0405","0426","진접","서울역"
"04호선","2","2","0424","424","명동","054700","0419","1762","한성대입구","오이도","235730","0405","0426","진접","서울역"
"04호선","2","1","0426","426","서울역","054700","0419","1762","한성대입구","오이도","244200","0409","0433","불암산","사당"
"04호선","1","3","1452","437","대공원","054700","1751","0409","산본","불암산","234230","1762","0433","오이도","사당"
"04호선","1","2","1452","437","대공원","054700","1751","0409","산본","불암산","234230","1762","0433","오이도","사당"
"04호선","2","1","1751","444","산본","054730","1458","1762","금정","오이도","241200","0409","1759","불암산","안산"
"04호선","1","3","0417","417","길음","054800","0426","0405","서울역","진접","234630","0433","0411","사당","노원"
"04호선","1","1","0417","417","길음","054800","0426","0405","서울역","진접","244630","0433","0409","사당","불암산"
"04호선","1","2","0417","417","길음","054800","0426","0405","서울역","진접","234630","0433","0411","사당","노원"
"04호선","2","3","0425","425","회현","054830","0419","1762","한성대입구","오이도","235900","0405","0426","진접","서울역"
"04호선","2","2","0425","425","회현","054830","0419","1762","한성대입구","오이도","235900","0405","0426","진접","서울역"
"04호선","2","1","0427","427","숙대입구","054900","0419","1762","한성대입구","오이도","244400","0409","0433","불암산","사당"
"04호선","1","3","1451","436","경마공원","054900","1751","0409","산본","불암산","234430","1762","0433","오이도","사당"
"04호선","1","2","1451","436","경마공원","054900","1751","0409","산본","불암산","234430","1762","0433","오이도","사당"
"04호선","2","1","1763","445","수리산","054930","1458","1762","금정","오이도","241400","0409","1759","불암산","안산"
"04호선","2","3","0433","433","사당","055000","0433","1762","사당","오이도","240030","0409","1751","불암산","산본"
"04호선","2","2","0433","433","사당","055000","0433","1762","사당","오이도","240030","0409","1751","불암산","산본"
"04호선","2","2","1752","446","대야미","055000","1458","1762","금정","오이도","241330","0409","1759","불암산","안산"
"04호선","2","3","1752","446","대야미","055000","1458","1762","금정","오이도","241330","0409","1759","불암산","안산"
"04호선","1","3","0416","416","미아사거리","055030","0426","0405","서울역","진접","234900","0433","0411","사당","노원"
"04호선","1","2","0416","416","미아사거리","055030","0426","0405","서울역","진접","234900","0433","0411","사당","노원"
"04호선","1","1","0416","416","미아사거리","055030","0426","0405","서울역","진접","244900","0433","0409","사당","불암산"
"04호선","2","3","0426","426","서울역","055030","0419","1762","한성대입구","오이도","234400","0409","1751","불암산","산본"
"04호선","2","1","0433","433","사당","055030","0433","1762","사당","오이도","240630","0409","1458","불암산","금정"
"04호선","2","2","0426","426","서울역","055030","0419","1762","한성대입구","오이도","234400","0409","1751","불암산","산본"
"04호선","2","1","0428","428","삼각지","055100","0419","1762","한성대입구","오이도","244600","0409","0433","불암산","사당"
"04호선","1","2","1450","435","선바위","055100","1751","0409","산본","불암산","234630","1762","0433","오이도","사당"
"04호선","1","3","1450","435","선바위","055100","1751","0409","산본","불암산","234630","1762","0433","오이도","사당"
"04호선","2","3","0434","434","남태령","055230","0433","1762","사당","오이도","240300","0409","1751","불암산","산본"
"04호선","2","2","0434","434","남태령","055230","0433","1762","사당","오이도","240300","0409","1751","불암산","산본"
"04호선","2","2","0427","427","숙대입구","055230","0419","1762","한성대입구","오이도","234600","0409","1751","불암산","산본"
"04호선","2","3","0427","427","숙대입구","055230","0419","1762","한성대입구","오이도","234600","0409","1751","불암산","산본"
"04호선","2","1","0429","429","신용산","055230","0419","1762","한성대입구","오이도","244730","0409","0433","불암산","사당"
"04호선","2","3","1753","447","반월","055230","1458","1762","금정","오이도","241600","0409","1759","불암산","안산"
"04호선","2","2","1753","447","반월","055230","1458","1762","금정","오이도","241600","0409","1759","불암산","안산"
"04호선","1","1","0415","415","미아","055300","0426","0405","서울역","진접","245130","0433","0409","사당","불암산"
"04호선","1","3","0415","415","미아","055300","0426","0405","서울역","진접","235130","0433","0411","사당","노원"
"04호선","1","2","0415","415","미아","055300","0426","0405","서울역","진접","235130","0433","0411","사당","노원"
"04호선","2","1","0434","434","남태령","055300","0433","1762","사당","오이도","240900","0409","1458","불암산","금정"
"04호선","2","1","1752","446","대야미","055300","1458","1762","금정","오이도","241730","0409","1759","불암산","안산"
"04호선","2","2","0428","428","삼각지","055430","0419","1762","한성대입구","오이도","234800","0409","1751","불암산","산본"
"04호선","2","3","0428","428","삼각지","055430","0419","1762","한성대입구","오이도","234800","0409","1751","불암산","산본"
"04호선","1","1","0414","414","수유","055500","0426","0405","서울역","진접","245330","0433","0409","사당","불암산"
"04호선","1","3","0414","414","수유","055500","0426","0405","서울역","진접","235330","0433","0411","사당","노원"
"04호선","1","2","0414","414","수유","055500","0426","0405","서울역","진접","235330","0433","0411","사당","노원"
"04호선","2","1","0430","430","이촌","055500","0419","1762","한성대입구","오이도","245000","0409","0433","불암산","사당"
"04호선","2","2","1450","435","선바위","055530","0433","1762","사당","오이도","240600","0409","1751","불암산","산본"
"04호선","2","3","1450","435","선바위","055530","0433","1762","사당","오이도","240600","0409","1751","불암산","산본"
"04호선","2","1","1753","447","반월","055530","1458","1762","금정","오이도","242000","0409","1759","불암산","안산"
"04호선","2","3","0429","429","신용산","055600","0419","1762","한성대입구","오이도","234930","0409","1751","불암산","산본"
"04호선","2","1","1450","435","선바위","055600","0433","1762","사당","오이도","241200","0409","1458","불암산","금정"
"04호선","2","2","0429","429","신용산","055600","0419","1762","한성대입구","오이도","234930","0409","1751","불암산","산본"
"04호선","2","3","1754","448","상록수","055600","1458","1762","금정","오이도","241930","0409","1759","불암산","안산"
"04호선","2","2","1754","448","상록수","055600","1458","1762","금정","오이도","241930","0409","1759","불암산","안산"
"04호선","1","1","0413","413","쌍문","055730","0426","0405","서울역","진접","245600","0433","0409","사당","불암산"
"04호선","1","2","0413","413","쌍문","055730","0426","0405","서울역","진접","235600","0433","0411","사당","노원"
"04호선","1","3","0413","413","쌍문","055730","0426","0405","서울역","진접","235600","0433","0411","사당","노원"
"04호선","2","3","1451","436","경마공원","055730","0433","1762","사당","오이도","240800","0409","1751","불암산","산본"
"04호선","2","2","1451","436","경마공원","055730","0433","1762","사당","오이도","240800","0409","1751","불암산","산본"
"04호선","2","1","1451","436","경마공원","055800","0433","1762","사당","오이도","241400","0409","1458","불암산","금정"
"04호선","2","3","1755","449","한대앞","055800","1458","1762","금정","오이도","242130","0409","1759","불암산","안산"
"04호선","2","2","1755","449","한대앞","055800","1458","1762","금정","오이도","242130","0409","1759","불암산","안산"
"04호선","2","2","0430","430","이촌","055830","0419","1762","한성대입구","오이도","235200","0409","1751","불암산","산본"
"04호선","2","3","0430","430","이촌","055830","0419","1762","한성대입구","오이도","235200","0409","1751","불암산","산본"
"04호선","2","1","0431","431","동작","055830","0419","1762","한성대입구","오이도","245330","0409","0433","불암산","사당"
"04호선","2","1","1754","448","상록수","055900","1458","1762","금정","오이도","242330","0409","1759","불암산","안산"
"04호선","2","3","1452","437","대공원","055930","0433","1762","사당","오이도","241000","0409","1751","불암산","산본"
"04호선","2","2","1452","437","대공원","055930","0433","1762","사당","오이도","241000","0409","1751","불암산","산본"
"04호선","1","2","0412","412","창동","060000","0426","0405","서울역","진접","235830","0433","0411","사당","노원"
"04호선","1","3","0412","412","창동","060000","0426","0405","서울역","진접","235830","0433","0411","사당","노원"
"04호선","1","1","0412","412","창동","060000","0426","0405","서울역","진접","245830","0433","0409","사당","불암산"
"04호선","2","1","1452","437","대공원","060000","0433","1762","사당","오이도","241600","0409","1458","불암산","금정"
"04호선","2","3","1756","450","중앙","060030","1458","1762","금정","오이도","242400","0409","1759","불암산","안산"
"04호선","2","2","1756","450","중앙","060030","1458","1762","금정","오이도","242400","0409","1759","불암산","안산"
"04호선","2","1","1755","449","한대앞","060100","1458","1762","금정","오이도","242530","0409","1759","불암산","안산"
"04호선","2","2","1453","438","과천","060130","0433","1762","사당","오이도","241200","0409","1751","불암산","산본"
"04호선","2","3","1453","438","과천","060130","0433","1762","사당","오이도","241200","0409","1751","불암산","산본"
"04호선","2","1","0432","432","총신대입구","060130","0419","1762","한성대입구","오이도","245630","0409","0433","불암산","사당"
"04호선","1","2","0411","411","노원","060200","0426","0405","서울역","진접","235030","1762","0409","오이도","불암산"
"04호선","1","3","0411","411","노원","060200","0426","0405","서울역","진접","235030","1762","0409","오이도","불암산"
"04호선","1","1","0411","411","노원","060200","0426","0405","서울역","진접","250030","0433","0409","사당","불암산"
"04호선","2","1","1453","438","과천","060200","0433","1762","사당","오이도","241800","0409","1458","불암산","금정"
"04호선","2","2","0431","431","동작","060200","0419","1762","한성대입구","오이도","235530","0409","1751","불암산","산본"
"04호선","2","3","0431","431","동작","060200","0419","1762","한성대입구","오이도","235530","0409","1751","불암산","산본"
"04호선","2","2","1757","451","고잔","060230","1458","1762","금정","오이도","242600","0409","1759","불암산","안산"
"04호선","2","3","1757","451","고잔","060230","1458","1762","금정","오이도","242600","0409","1759","불암산","안산"
"04호선","2","3","1454","439","정부과천청사","060330","0433","1762","사당","오이도","241400","0409","1751","불암산","산본"
"04호선","2","2","1454","439","정부과천청사","060330","0433","1762","사당","오이도","241400","0409","1751","불암산","산본"
"04호선","2","1","1756","450","중앙","060330","1458","1762","금정","오이도","242800","0409","1759","불암산","안산"
"04호선","1","3","0410","410","상계","060400","0426","0405","서울역","진접","235230","1762","0409","오이도","불암산"
"04호선","1","1","0410","410","상계","060400","0426","0405","서울역","진접","250230","0433","0409","사당","불암산"
"04호선","1","2","0410","410","상계","060400","0426","0405","서울역","진접","235230","1762","0409","오이도","불암산"
"04호선","2","1","1454","439","정부과천청사","060400","0433","1762","사당","오이도","242000","0409","1458","불암산","금정"
"04호선","2","3","0432","432","총신대입구","060500","0419","1762","한성대입구","오이도","235830","0409","1751","불암산","산본"
"04호선","2","2","0432","432","총신대입구","060500","0419","1762","한성대입구","오이도","235830","0409","1751","불암산","산본"
"04호선","2","2","1758","452","초지","060500","1458","1762","금정","오이도","242830","0409","1759","불암산","안산"
"04호선","2","3","1758","452","초지","060500","1458","1762","금정","오이도","242830","0409","1759","불암산","안산"
"04호선","2","1","1757","451","고잔","060530","1458","1762","금정","오이도","243000","0409","1759","불암산","안산"
"04호선","2","2","1455","440","인덕원","060700","0433","1762","사당","오이도","241730","0409","1751","불암산","산본"
"04호선","2","3","1455","440","인덕원","060700","0433","1762","사당","오이도","241730","0409","1751","불암산","산본"
"04호선","2","1","1455","440","인덕원","060730","0433","1762","사당","오이도","242330","0409","1458","불암산","금정"
"04호선","2","2","1759","453","안산","060800","1458","1762","금정","오이도","235400","0409","1762","불암산","오이도"
"04호선","2","3","1759","453","안산","060800","1458","1762","금정","오이도","235400","0409","1762","불암산","오이도"
"04호선","2","1","1758","452","초지","060800","1458","1762","금정","오이도","243230","0409","1759","불암산","안산"
"04호선","2","3","1456","441","평촌","060930","0433","1762","사당","오이도","242000","0409","1751","불암산","산본"
"04호선","2","2","1456","441","평촌","060930","0433","1762","사당","오이도","242000","0409","1751","불암산","산본"
"04호선","2","1","1456","441","평촌","061000","0433","1762","사당","오이도","242600","0409","1458","불암산","금정"
"04호선","2","2","1760","454","신길온천","061100","1458","1762","금정","오이도","235700","0409","1762","불암산","오이도"
"04호선","2","3","1760","454","신길온천","061100","1458","1762","금정","오이도","235700","0409","1762","불암산","오이도"
"04호선","2","3","1457","442","범계","061130","0433","1762","사당","오이도","242200","0409","1751","불암산","산본"
"04호선","2","2","1457","442","범계","061130","0433","1762","사당","오이도","242200","0409","1751","불암산","산본"
"04호선","2","1","1457","442","범계","061200","0433","1762","사당","오이도","242800","0409","1458","불암산","금정"
"04호선","2","2","1761","455","정왕","061400","1458","1762","금정","오이도","240000","0409","1762","불암산","오이도"
"04호선","2","3","1761","455","정왕","061400","1458","1762","금정","오이도","240000","0409","1762","불암산","오이도"
"05호선","1","2","2554","553","상일동","053000","2554","2511","상일동","방화","235300","2566","2549","하남검단산","강동"
"05호선","1","1","2566","558","하남검단산","053000","2566","2511","하남검단산","방화","243730","2566","2554","하남검단산","상일동"
"05호선","2","3","2549","548","강동","053000","2549","2561","강동","마천","240620","2511","2554","방화","상일동"
"05호선","2","2","2549","548","강동","053000","2549","2561","강동","마천","240620","2511","2554","방화","상일동"
"05호선","2","1","2549","548","강동","053000","2549","2561","강동","마천","245020","2511","2554","방화","상일동"
"05호선","1","1","2561","P555","마천","053100","2561","2511","마천","방화","243730","2561","2555","마천","둔촌동"
"05호선","1","1","2540","539","행당","053130","2541","2511","왕십리","방화","244330","2566","2531","하남검단산","애오개"
"05호선","1","3","2540","539","행당","053130","2541","2511","왕십리","방화","234640","2561","2531","마천","애오개"
"05호선","1","2","2540","539","행당","053130","2541","2511","왕십리","방화","234640","2561","2531","마천","애오개"
"05호선","1","1","2526","525","신길","053200","2527","2511","여의도","방화","243040","2566","2511","하남검단산","방화"
"05호선","1","3","2526","525","신길","053200","2527","2511","여의도","방화","235310","2561","2518","마천","화곡"
"05호선","1","2","2526","525","신길","053200","2527","2511","여의도","방화","235310","2561","2518","마천","화곡"
"05호선","2","1","2519","518","까치산","053200","2518","2566","화곡","하남검단산","243050","2511","2531","방화","애오개"
"05호선","2","2","2519","518","까치산","053200","2518","2566","화곡","하남검단산","233720","2511","2531","방화","애오개"
"05호선","2","3","2519","518","까치산","053200","2518","2566","화곡","하남검단산","233720","2511","2531","방화","애오개"
"05호선","1","3","2545","544","군자","053200","2545","2511","군자","방화","235020","2566","2541","하남검단산","왕십리"
"05호선","1","2","2545","544","군자","053200","2545","2511","군자","방화","235020","2566","2541","하남검단산","왕십리"
"05호선","1","1","2545","544","군자","053200","2545","2511","군자","방화","245150","2561","2541","마천","왕십리"
"05호선","2","1","2512","511","개화산","053200","2511","2566","방화","하남검단산","243900","2511","2518","방화","화곡"
"05호선","2","2","2512","511","개화산","053200","2511","2566","방화","하남검단산","233500","2511","2518","방화","화곡"
"05호선","2","3","2512","511","개화산","053200","2511","2566","방화","하남검단산","233500","2511","2518","방화","화곡"
"05호선","1","3","2549","548","강동","053200","2549","2511","강동","방화","235420","2561","2545","마천","군자"
"05호선","1","2","2549","548","강동","053200","2549","2511","강동","방화","235420","2561","2545","마천","군자"
"05호선","1","1","2549","548","강동","053200","2549","2511","강동","방화","244250","2561","2541","마천","왕십리"
"05호선","1","1","2553","552","고덕","053200","2554","2511","상일동","방화","243310","2566","2549","하남검단산","강동"
"05호선","1","2","2553","552","고덕","053210","2554","2511","상일동","방화","235510","2566","2549","하남검단산","강동"
"05호선","1","3","2553","552","고덕","053210","2554","2511","상일동","방화","235510","2566","2549","하남검단산","강동"
"05호선","2","1","2555","P549","둔촌동","053220","2549","2561","강동","마천","245300","2555","2554","둔촌동","상일동"
"05호선","2","3","2555","P549","둔촌동","053220","2549","2561","강동","마천","235110","2511","2561","방화","마천"
"05호선","2","2","2555","P549","둔촌동","053220","2549","2561","강동","마천","235110","2511","2561","방화","마천"
"05호선","1","3","2566","558","하남검단산","053230","2566","2511","하남검단산","방화","234000","2566","2549","하남검단산","강동"
"05호선","1","2","2566","558","하남검단산","053230","2566","2511","하남검단산","방화","234000","2566","2549","하남검단산","강동"
"05호선","1","1","2565","557","하남시청","053300","2566","2511","하남검단산","방화","242100","2566","2549","하남검단산","강동"
"05호선","1","1","2560","P554","거여","053300","2561","2511","마천","방화","243100","2561","2541","마천","왕십리"
"05호선","1","2","2539","538","신금호","053310","2541","2511","왕십리","방화","234820","2561","2531","마천","애오개"
"05호선","1","1","2539","538","신금호","053310","2541","2511","왕십리","방화","244500","2566","2531","하남검단산","애오개"
"05호선","1","3","2539","538","신금호","053310","2541","2511","왕십리","방화","234820","2561","2531","마천","애오개"
"05호선","1","2","2561","P555","마천","053330","2561","2511","마천","방화","234030","2561","2545","마천","군자"
"05호선","1","3","2561","P555","마천","053330","2561","2511","마천","방화","234030","2561","2545","마천","군자"
"05호선","1","2","2548","547","천호","053340","2549","2511","강동","방화","235600","2561","2545","마천","군자"
"05호선","1","1","2548","547","천호","053340","2549","2511","강동","방화","244450","2561","2541","마천","왕십리"
"05호선","1","3","2548","547","천호","053340","2549","2511","강동","방화","235600","2561","2545","마천","군자"
"05호선","1","3","2525","524","영등포시장","053350","2527","2511","여의도","방화","235500","2561","2518","마천","화곡"
"05호선","1","1","2525","524","영등포시장","053350","2527","2511","여의도","방화","243230","2566","2511","하남검단산","방화"
"05호선","1","2","2525","524","영등포시장","053350","2527","2511","여의도","방화","235500","2561","2518","마천","화곡"
"05호선","2","2","2520","519","신정","053410","2518","2566","화곡","하남검단산","233930","2511","2531","방화","애오개"
"05호선","2","3","2520","519","신정","053410","2518","2566","화곡","하남검단산","233930","2511","2531","방화","애오개"
"05호선","2","1","2520","519","신정","053410","2518","2566","화곡","하남검단산","243310","2511","2531","방화","애오개"
"05호선","1","3","2544","543","장한평","053410","2545","2511","군자","방화","235230","2566","2541","하남검단산","왕십리"
"05호선","1","1","2544","543","장한평","053410","2545","2511","군자","방화","245400","2561","2541","마천","왕십리"
"05호선","1","2","2544","543","장한평","053410","2545","2511","군자","방화","235230","2566","2541","하남검단산","왕십리"
"05호선","2","3","2513","512","김포공항","053410","2511","2566","방화","하남검단산","233710","2511","2518","방화","화곡"
"05호선","2","1","2513","512","김포공항","053410","2511","2566","방화","하남검단산","244100","2511","2518","방화","화곡"
"05호선","2","2","2513","512","김포공항","053410","2511","2566","방화","하남검단산","233710","2511","2518","방화","화곡"
"05호선","1","1","2552","551","명일","053410","2554","2511","상일동","방화","243520","2566","2549","하남검단산","강동"
"05호선","1","2","2552","551","명일","053420","2554","2511","상일동","방화","235720","2566","2549","하남검단산","강동"
"05호선","1","3","2552","551","명일","053420","2554","2511","상일동","방화","235720","2566","2549","하남검단산","강동"
"05호선","2","1","2556","P550","올림픽공원","053430","2549","2561","강동","마천","243850","2511","2561","방화","마천"
"05호선","2","2","2556","P550","올림픽공원","053430","2549","2561","강동","마천","235320","2511","2561","방화","마천"
"05호선","2","3","2556","P550","올림픽공원","053430","2549","2561","강동","마천","235320","2511","2561","방화","마천"
"05호선","1","1","2559","P553","개롱","053450","2561","2511","마천","방화","243250","2561","2541","마천","왕십리"
"05호선","1","1","2538","537","청구","053510","2541","2511","왕십리","방화","244700","2566","2531","하남검단산","애오개"
"05호선","1","2","2538","537","청구","053510","2541","2511","왕십리","방화","235020","2561","2531","마천","애오개"
"05호선","1","3","2538","537","청구","053510","2541","2511","왕십리","방화","235020","2561","2531","마천","애오개"
"05호선","1","1","2564","556","하남풍산","053520","2566","2511","하남검단산","방화","242320","2566","2549","하남검단산","강동"
"05호선","1","2","2524","523","영등포구청","053530","2527","2511","여의도","방화","235640","2561","2518","마천","화곡"
"05호선","1","1","2524","523","영등포구청","053530","2527","2511","여의도","방화","243410","2566","2511","하남검단산","방화"
"05호선","1","3","2524","523","영등포구청","053530","2527","2511","여의도","방화","235640","2561","2518","마천","화곡"
"05호선","1","2","2565","557","하남시청","053530","2566","2511","하남검단산","방화","234300","2566","2549","하남검단산","강동"
"05호선","1","3","2565","557","하남시청","053530","2566","2511","하남검단산","방화","234300","2566","2549","하남검단산","강동"
"05호선","1","3","2560","P554","거여","053530","2561","2511","마천","방화","234230","2561","2545","마천","군자"
"05호선","1","2","2560","P554","거여","053530","2561","2511","마천","방화","234230","2561","2545","마천","군자"
"05호선","2","3","2521","520","목동","053550","2518","2566","화곡","하남검단산","234110","2511","2531","방화","애오개"
"05호선","2","2","2521","520","목동","053550","2518","2566","화곡","하남검단산","234110","2511","2531","방화","애오개"
"05호선","2","1","2521","520","목동","053550","2518","2566","화곡","하남검단산","243450","2511","2531","방화","애오개"
"05호선","1","1","2551","550","굽은다리","053550","2554","2511","상일동","방화","243700","2566","2549","하남검단산","강동"
"05호선","1","2","2551","550","굽은다리","053600","2554","2511","상일동","방화","235900","2566","2549","하남검단산","강동"
"05호선","1","3","2551","550","굽은다리","053600","2554","2511","상일동","방화","235900","2566","2549","하남검단산","강동"
"05호선","1","2","2547","546","광나루","053610","2549","2511","강동","방화","235830","2561","2545","마천","군자"
"05호선","1","3","2547","546","광나루","053610","2549","2511","강동","방화","235830","2561","2545","마천","군자"
"05호선","1","1","2547","546","광나루","053610","2549","2511","강동","방화","244720","2561","2541","마천","왕십리"
"05호선","1","1","2543","542","답십리","053620","2545","2511","군자","방화","245610","2561","2541","마천","왕십리"
"05호선","1","3","2543","542","답십리","053620","2545","2511","군자","방화","235440","2566","2541","하남검단산","왕십리"
"05호선","1","2","2543","542","답십리","053620","2545","2511","군자","방화","235440","2566","2541","하남검단산","왕십리"
"05호선","2","2","2557","P551","방이","053620","2549","2561","강동","마천","235510","2511","2561","방화","마천"
"05호선","2","3","2557","P551","방이","053620","2549","2561","강동","마천","235510","2511","2561","방화","마천"
"05호선","1","1","2519","518","까치산","054430","2527","2511","여의도","방화","244310","2566","2511","하남검단산","방화"
"05호선","1","3","2519","518","까치산","054430","2527","2511","여의도","방화","240540","2561","2518","마천","화곡"
"05호선","2","1","2526","525","신길","054430","2518","2566","화곡","하남검단산","244330","2511","2531","방화","애오개"
"05호선","2","3","2526","525","신길","054430","2518","2566","화곡","하남검단산","234950","2511","2531","방화","애오개"
"05호선","2","2","2526","525","신길","054430","2518","2566","화곡","하남검단산","234950","2511","2531","방화","애오개"
"05호선","1","2","2555","P549","둔촌동","054450","2561","2511","마천","방화","235150","2561","2545","마천","군자"
"05호선","1","3","2555","P549","둔촌동","054450","2561","2511","마천","방화","235150","2561","2545","마천","군자"
"05호선","2","1","2542","541","마장","054520","2541","2566","왕십리","하남검단산","245300","2511","2545","방화","군자"
"05호선","2","3","2542","541","마장","054520","2541","2566","왕십리","하남검단산","235910","2511","2545","방화","군자"
"05호선","2","2","2542","541","마장","054520","2541","2566","왕십리","하남검단산","235910","2511","2545","방화","군자"
"05호선","2","2","2534","533","광화문","054520","2531","2561","애오개","마천","235220","2511","2541","방화","왕십리"
"05호선","2","3","2534","533","광화문","054520","2531","2561","애오개","마천","235220","2511","2541","방화","왕십리"
"05호선","2","1","2534","533","광화문","054520","2531","2561","애오개","마천","243820","2511","2545","방화","군자"
"05호선","1","2","2533","532","서대문","054530","2541","2511","왕십리","방화","240040","2561","2531","마천","애오개"
"05호선","1","3","2533","532","서대문","054530","2541","2511","왕십리","방화","240040","2561","2531","마천","애오개"
"05호선","1","1","2533","532","서대문","054530","2541","2511","왕십리","방화","245750","2566","2531","하남검단산","애오개"
"05호선","1","2","2518","517","화곡","054630","2527","2511","여의도","방화","235610","2566","2511","하남검단산","방화"
"05호선","1","3","2518","517","화곡","054630","2527","2511","여의도","방화","235610","2566","2511","하남검단산","방화"
"05호선","1","1","2518","517","화곡","054630","2527","2511","여의도","방화","244510","2566","2511","하남검단산","방화"
"05호선","2","3","2527","526","여의도","054630","2518","2566","화곡","하남검단산","235150","2511","2531","방화","애오개"
"05호선","2","1","2527","526","여의도","054630","2518","2566","화곡","하남검단산","244530","2511","2531","방화","애오개"
"05호선","2","2","2527","526","여의도","054630","2518","2566","화곡","하남검단산","235150","2511","2531","방화","애오개"
"05호선","1","1","2532","531","충정로","054700","2541","2511","왕십리","방화","245940","2566","2531","하남검단산","애오개"
"05호선","1","2","2532","531","충정로","054700","2541","2511","왕십리","방화","240210","2561","2531","마천","애오개"
"05호선","1","3","2532","531","충정로","054700","2541","2511","왕십리","방화","240210","2561","2531","마천","애오개"
"05호선","2","2","2550","549","길동","054730","2545","2566","군자","하남검단산","240820","2511","2554","방화","상일동"
"05호선","2","1","2550","549","길동","054730","2545","2566","군자","하남검단산","245220","2511","2554","방화","상일동"
"05호선","2","3","2550","549","길동","054730","2545","2566","군자","하남검단산","240820","2511","2554","방화","상일동"
"05호선","2","1","2543","542","답십리","054730","2541","2566","왕십리","하남검단산","245510","2511","2545","방화","군자"
"06호선","1","3","2631","630","이태원","053800","2632","2611","한강진","응암","235900","2648","2627","봉화산","공덕"
"06호선","1","2","2631","630","이태원","053800","2632","2611","한강진","응암","235900","2648","2627","봉화산","공덕"
"05호선","2","1","2557","P551","방이","053620","2549","2561","강동","마천","244040","2511","2561","방화","마천"
"05호선","1","1","2558","P552","오금","053630","2561","2511","마천","방화","243430","2561","2541","마천","왕십리"
"05호선","2","3","2514","513","송정","053650","2511","2566","방화","하남검단산","233950","2511","2518","방화","화곡"
"05호선","2","2","2514","513","송정","053650","2511","2566","방화","하남검단산","233950","2511","2518","방화","화곡"
"05호선","2","1","2514","513","송정","053650","2511","2566","방화","하남검단산","244330","2511","2518","방화","화곡"
"05호선","2","2","2545","544","군자","053700","2545","2566","군자","하남검단산","235750","2511","2554","방화","상일동"
"05호선","2","3","2545","544","군자","053700","2545","2566","군자","하남검단산","235750","2511","2554","방화","상일동"
"05호선","2","1","2545","544","군자","053700","2545","2566","군자","하남검단산","244140","2511","2554","방화","상일동"
"05호선","1","2","2523","522","양평","053700","2527","2511","여의도","방화","235810","2561","2518","마천","화곡"
"05호선","1","1","2523","522","양평","053700","2527","2511","여의도","방화","243540","2566","2511","하남검단산","방화"
"05호선","1","3","2523","522","양평","053700","2527","2511","여의도","방화","235810","2561","2518","마천","화곡"
"05호선","1","1","2531","530","애오개","053700","2531","2511","애오개","방화","244020","2561","2527","마천","여의도"
"05호선","1","2","2531","530","애오개","053700","2531","2511","애오개","방화","235220","2566","2527","하남검단산","여의도"
"05호선","1","3","2531","530","애오개","053700","2531","2511","애오개","방화","235220","2566","2527","하남검단산","여의도"
"05호선","1","1","2537","536","동대문역사문화공원","053710","2541","2511","왕십리","방화","244850","2566","2531","하남검단산","애오개"
"05호선","1","2","2537","536","동대문역사문화공원","053710","2541","2511","왕십리","방화","235220","2561","2531","마천","애오개"
"05호선","1","3","2537","536","동대문역사문화공원","053710","2541","2511","왕십리","방화","235220","2561","2531","마천","애오개"
"05호선","1","2","2559","P553","개롱","053720","2561","2511","마천","방화","234420","2561","2545","마천","군자"
"05호선","1","3","2559","P553","개롱","053720","2561","2511","마천","방화","234420","2561","2545","마천","군자"
"05호선","1","1","2550","549","길동","053730","2554","2511","상일동","방화","243840","2566","2549","하남검단산","강동"
"05호선","2","2","2522","521","오목교","053740","2518","2566","화곡","하남검단산","234300","2511","2531","방화","애오개"
"05호선","2","3","2522","521","오목교","053740","2518","2566","화곡","하남검단산","234300","2511","2531","방화","애오개"
"05호선","2","1","2522","521","오목교","053740","2518","2566","화곡","하남검단산","243630","2511","2531","방화","애오개"
"05호선","1","2","2550","549","길동","053740","2554","2511","상일동","방화","240040","2566","2549","하남검단산","강동"
"05호선","1","3","2550","549","길동","053740","2554","2511","상일동","방화","240040","2566","2549","하남검단산","강동"
"05호선","1","3","2564","556","하남풍산","053750","2566","2511","하남검단산","방화","234520","2566","2549","하남검단산","강동"
"05호선","1","2","2564","556","하남풍산","053750","2566","2511","하남검단산","방화","234520","2566","2549","하남검단산","강동"
"05호선","2","1","2558","P552","오금","053810","2549","2561","강동","마천","244230","2511","2561","방화","마천"
"05호선","2","2","2558","P552","오금","053810","2549","2561","강동","마천","235700","2511","2561","방화","마천"
"05호선","2","3","2558","P552","오금","053810","2549","2561","강동","마천","235700","2511","2561","방화","마천"
"05호선","1","2","2542","541","마장","053820","2545","2511","군자","방화","235640","2566","2541","하남검단산","왕십리"
"05호선","1","1","2542","541","마장","053820","2545","2511","군자","방화","245820","2561","2541","마천","왕십리"
"05호선","1","3","2542","541","마장","053820","2545","2511","군자","방화","235640","2566","2541","하남검단산","왕십리"
"05호선","1","2","2546","545","아차산","053820","2549","2511","강동","방화","240040","2561","2545","마천","군자"
"05호선","1","3","2546","545","아차산","053820","2549","2511","강동","방화","240040","2561","2545","마천","군자"
"05호선","1","1","2546","545","아차산","053820","2549","2511","강동","방화","244940","2561","2541","마천","왕십리"
"05호선","1","1","2563","555","미사","053820","2566","2511","하남검단산","방화","242620","2566","2549","하남검단산","강동"
"05호선","1","1","2557","P551","방이","053820","2561","2511","마천","방화","243620","2561","2541","마천","왕십리"
"05호선","2","3","2515","514","마곡","053840","2511","2566","방화","하남검단산","234140","2511","2518","방화","화곡"
"05호선","2","1","2515","514","마곡","053840","2511","2566","방화","하남검단산","244510","2511","2518","방화","화곡"
"05호선","2","2","2515","514","마곡","053840","2511","2566","방화","하남검단산","234140","2511","2518","방화","화곡"
"05호선","2","3","2546","545","아차산","053850","2545","2566","군자","하남검단산","235940","2511","2554","방화","상일동"
"05호선","2","2","2546","545","아차산","053850","2545","2566","군자","하남검단산","235940","2511","2554","방화","상일동"
"05호선","2","1","2546","545","아차산","053850","2545","2566","군자","하남검단산","244340","2511","2554","방화","상일동"
"05호선","1","3","2522","521","오목교","053850","2527","2511","여의도","방화","240000","2561","2518","마천","화곡"
"05호선","1","2","2522","521","오목교","053850","2527","2511","여의도","방화","240000","2561","2518","마천","화곡"
"05호선","1","1","2522","521","오목교","053850","2527","2511","여의도","방화","243730","2566","2511","하남검단산","방화"
"05호선","1","3","2530","529","공덕","053900","2531","2511","애오개","방화","235420","2566","2527","하남검단산","여의도"
"05호선","1","2","2530","529","공덕","053900","2531","2511","애오개","방화","235420","2566","2527","하남검단산","여의도"
"05호선","1","1","2530","529","공덕","053900","2531","2511","애오개","방화","244220","2561","2527","마천","여의도"
"05호선","1","3","2558","P552","오금","053900","2561","2511","마천","방화","234600","2561","2545","마천","군자"
"05호선","1","2","2558","P552","오금","053900","2561","2511","마천","방화","234600","2561","2545","마천","군자"
"05호선","1","3","2536","535","을지로4가","053910","2541","2511","왕십리","방화","235420","2561","2531","마천","애오개"
"05호선","1","1","2536","535","을지로4가","053910","2541","2511","왕십리","방화","245040","2566","2531","하남검단산","애오개"
"05호선","1","2","2536","535","을지로4가","053910","2541","2511","왕십리","방화","235420","2561","2531","마천","애오개"
"05호선","2","1","2523","522","양평","053920","2518","2566","화곡","하남검단산","243810","2511","2531","방화","애오개"
"05호선","2","3","2523","522","양평","053920","2518","2566","화곡","하남검단산","234440","2511","2531","방화","애오개"
"05호선","2","2","2523","522","양평","053920","2518","2566","화곡","하남검단산","234440","2511","2531","방화","애오개"
"05호선","2","3","2559","P553","개롱","053950","2549","2561","강동","마천","235840","2511","2561","방화","마천"
"05호선","2","2","2559","P553","개롱","053950","2549","2561","강동","마천","235840","2511","2561","방화","마천"
"05호선","2","1","2559","P553","개롱","053950","2549","2561","강동","마천","244410","2511","2561","방화","마천"
"05호선","2","3","2531","530","애오개","054000","2531","2561","애오개","마천","234700","2511","2541","방화","왕십리"
"05호선","2","2","2531","530","애오개","054000","2531","2561","애오개","마천","234700","2511","2541","방화","왕십리"
"05호선","2","1","2531","530","애오개","054000","2531","2561","애오개","마천","243310","2511","2545","방화","군자"
"05호선","1","1","2556","P550","올림픽공원","054010","2561","2511","마천","방화","243810","2561","2541","마천","왕십리"
"05호선","1","1","2521","520","목동","054040","2527","2511","여의도","방화","243920","2566","2511","하남검단산","방화"
"05호선","2","3","2543","542","답십리","054730","2541","2566","왕십리","하남검단산","240120","2511","2545","방화","군자"
"05호선","2","2","2543","542","답십리","054730","2541","2566","왕십리","하남검단산","240120","2511","2545","방화","군자"
"05호선","2","3","2535","534","종로3가","054730","2531","2561","애오개","마천","235430","2511","2541","방화","왕십리"
"05호선","2","2","2535","534","종로3가","054730","2531","2561","애오개","마천","235430","2511","2541","방화","왕십리"
"05호선","2","1","2535","534","종로3가","054730","2531","2561","애오개","마천","244030","2511","2545","방화","군자"
"05호선","2","1","2528","527","여의나루","054810","2518","2566","화곡","하남검단산","244710","2511","2531","방화","애오개"
"05호선","2","2","2528","527","여의나루","054810","2518","2566","화곡","하남검단산","235330","2511","2531","방화","애오개"
"05호선","2","3","2528","527","여의나루","054810","2518","2566","화곡","하남검단산","235330","2511","2531","방화","애오개"
"05호선","1","1","2517","516","우장산","054830","2527","2511","여의도","방화","244710","2566","2511","하남검단산","방화"
"05호선","1","2","2517","516","우장산","054830","2527","2511","여의도","방화","235810","2566","2511","하남검단산","방화"
"05호선","1","3","2517","516","우장산","054830","2527","2511","여의도","방화","235810","2566","2511","하남검단산","방화"
"05호선","2","2","2551","550","굽은다리","054910","2545","2566","군자","하남검단산","241000","2511","2554","방화","상일동"
"05호선","2","1","2551","550","굽은다리","054910","2545","2566","군자","하남검단산","245400","2511","2554","방화","상일동"
"05호선","2","3","2551","550","굽은다리","054910","2545","2566","군자","하남검단산","241000","2511","2554","방화","상일동"
"05호선","2","2","2544","543","장한평","054940","2541","2566","왕십리","하남검단산","240330","2511","2545","방화","군자"
"05호선","2","3","2544","543","장한평","054940","2541","2566","왕십리","하남검단산","240330","2511","2545","방화","군자"
"05호선","2","1","2544","543","장한평","054940","2541","2566","왕십리","하남검단산","245720","2511","2545","방화","군자"
"05호선","2","3","2536","535","을지로4가","054940","2531","2561","애오개","마천","235640","2511","2541","방화","왕십리"
"05호선","2","2","2536","535","을지로4가","054940","2531","2561","애오개","마천","235640","2511","2541","방화","왕십리"
"05호선","2","1","2536","535","을지로4가","054940","2531","2561","애오개","마천","244240","2511","2545","방화","군자"
"05호선","1","2","2516","515","발산","055030","2527","2511","여의도","방화","240010","2566","2511","하남검단산","방화"
"05호선","1","1","2516","515","발산","055030","2527","2511","여의도","방화","244910","2566","2511","하남검단산","방화"
"05호선","1","3","2516","515","발산","055030","2527","2511","여의도","방화","240010","2566","2511","하남검단산","방화"
"05호선","2","2","2538","537","청구","055340","2531","2561","애오개","마천","240040","2511","2541","방화","왕십리"
"05호선","2","3","2538","537","청구","055340","2531","2561","애오개","마천","240040","2511","2541","방화","왕십리"
"05호선","2","1","2538","537","청구","055340","2531","2561","애오개","마천","244630","2511","2545","방화","군자"
"05호선","1","3","2514","513","송정","055430","2527","2511","여의도","방화","240410","2566","2511","하남검단산","방화"
"05호선","1","1","2514","513","송정","055430","2527","2511","여의도","방화","245310","2566","2511","하남검단산","방화"
"05호선","1","2","2514","513","송정","055430","2527","2511","여의도","방화","240410","2566","2511","하남검단산","방화"
"05호선","2","1","2554","553","상일동","055510","2545","2566","군자","하남검단산","243600","2511","2566","방화","하남검단산"
"05호선","2","2","2554","553","상일동","055510","2545","2566","군자","하남검단산","235030","2511","2566","방화","하남검단산"
"05호선","2","3","2554","553","상일동","055510","2545","2566","군자","하남검단산","235030","2511","2566","방화","하남검단산"
"05호선","2","2","2539","538","신금호","055530","2531","2561","애오개","마천","240230","2511","2541","방화","왕십리"
"05호선","2","3","2539","538","신금호","055530","2531","2561","애오개","마천","240230","2511","2541","방화","왕십리"
"05호선","2","1","2539","538","신금호","055530","2531","2561","애오개","마천","244820","2511","2545","방화","군자"
"05호선","2","1","2563","555","미사","055620","2563","2566","미사","하남검단산","244040","2511","2566","방화","하남검단산"
"05호선","2","3","2563","555","미사","055950","2545","2566","군자","하남검단산","235510","2511","2566","방화","하남검단산"
"05호선","2","2","2563","555","미사","055950","2545","2566","군자","하남검단산","235510","2511","2566","방화","하남검단산"
"05호선","2","3","2565","557","하남시청","060510","2545","2566","군자","하남검단산","240030","2511","2566","방화","하남검단산"
"05호선","2","2","2565","557","하남시청","060510","2545","2566","군자","하남검단산","240030","2511","2566","방화","하남검단산"
"05호선","2","1","2565","557","하남시청","060510","2545","2566","군자","하남검단산","244600","2511","2566","방화","하남검단산"
"06호선","1","2","2638","637","창신","053320","2640","2611","안암","응암","235750","2648","2632","봉화산","한강진"
"06호선","1","1","2638","637","창신","053320","2640","2611","안암","응암","244950","2648","2632","봉화산","한강진"
"06호선","1","2","2624","623","상수","053330","2626","2611","대흥","응암","235010","2648","2611","봉화산","응암"
"06호선","1","3","2624","623","상수","053330","2626","2611","대흥","응암","235010","2648","2611","봉화산","응암"
"06호선","1","1","2624","623","상수","053330","2626","2611","대흥","응암","244200","2649","2617","신내","새절"
"06호선","2","1","2634","633","약수","053340","2632","2649","한강진","신내","243540","2611","2648","응암","봉화산"
"06호선","2","3","2634","633","약수","053340","2632","2649","한강진","신내","235330","2611","2640","응암","안암"
"06호선","2","2","2634","633","약수","053340","2632","2649","한강진","신내","235330","2611","2640","응암","안암"
"06호선","1","3","2642","641","월곡","053340","2643","2611","상월곡","응암","240140","2649","2640","신내","안암"
"06호선","1","2","2642","641","월곡","053340","2643","2611","상월곡","응암","240140","2649","2640","신내","안암"
"06호선","1","1","2642","641","월곡","053340","2643","2611","상월곡","응암","245740","2649","2640","신내","안암"
"06호선","1","1","2646","645","태릉입구","053340","2648","2611","봉화산","응암","245040","2649","2640","신내","안암"
"06호선","1","3","2646","645","태릉입구","053340","2648","2611","봉화산","응암","235440","2649","2640","신내","안암"
"06호선","1","2","2646","645","태릉입구","053340","2648","2611","봉화산","응암","235440","2649","2640","신내","안암"
"06호선","2","2","2642","641","월곡","053350","2640","2649","안암","신내","235620","2611","2648","응암","봉화산"
"06호선","2","3","2642","641","월곡","053350","2640","2649","안암","신내","235620","2611","2648","응암","봉화산"
"06호선","2","1","2642","641","월곡","053350","2640","2649","안암","신내","244930","2611","2648","응암","봉화산"
"06호선","2","2","2627","626","공덕","053400","2627","2649","공덕","신내","235150","2611","2632","응암","한강진"
"06호선","2","3","2627","626","공덕","053400","2627","2649","공덕","신내","235150","2611","2632","응암","한강진"
"06호선","2","1","2627","626","공덕","053400","2627","2649","공덕","신내","244030","2611","2632","응암","한강진"
"06호선","2","3","2619","618","디지털미디어시티","053400","2617","2649","새절","신내","234800","2611","2627","응암","공덕"
"06호선","2","2","2619","618","디지털미디어시티","053400","2617","2649","새절","신내","234800","2611","2627","응암","공덕"
"06호선","2","1","2619","618","디지털미디어시티","053400","2617","2649","새절","신내","244350","2611","2627","응암","공덕"
"06호선","2","2","2615","614","연신내","053450","2614","2648","독바위","봉화산","235010","2611","2617","응암","새절"
"06호선","2","1","2615","614","연신내","053450","2614","2648","독바위","봉화산","244900","2611","2611","응암","응암"
"06호선","2","3","2615","614","연신내","053450","2614","2648","독바위","봉화산","235010","2611","2617","응암","새절"
"06호선","1","2","2637","636","동묘앞","053510","2640","2611","안암","응암","235940","2648","2632","봉화산","한강진"
"06호선","1","1","2637","636","동묘앞","053510","2640","2611","안암","응암","245140","2648","2632","봉화산","한강진"
"06호선","1","3","2637","636","동묘앞","053510","2640","2611","안암","응암","235940","2648","2632","봉화산","한강진"
"06호선","2","1","2643","642","상월곡","053520","2640","2649","안암","신내","245110","2611","2648","응암","봉화산"
"06호선","2","2","2643","642","상월곡","053520","2640","2649","안암","신내","235800","2611","2648","응암","봉화산"
"06호선","2","3","2643","642","상월곡","053520","2640","2649","안암","신내","235800","2611","2648","응암","봉화산"
"06호선","1","1","2623","622","합정","053520","2626","2611","대흥","응암","244350","2649","2617","신내","새절"
"06호선","1","2","2623","622","합정","053520","2626","2611","대흥","응암","235200","2648","2611","봉화산","응암"
"06호선","1","3","2623","622","합정","053520","2626","2611","대흥","응암","235200","2648","2611","봉화산","응암"
"06호선","2","3","2635","634","청구","053520","2632","2649","한강진","신내","235520","2611","2640","응암","안암"
"06호선","2","2","2635","634","청구","053520","2632","2649","한강진","신내","235520","2611","2640","응암","안암"
"06호선","2","1","2635","634","청구","053530","2632","2649","한강진","신내","243720","2611","2648","응암","봉화산"
"06호선","1","3","2645","644","석계","053530","2648","2611","봉화산","응암","235630","2649","2640","신내","안암"
"06호선","1","2","2645","644","석계","053530","2648","2611","봉화산","응암","235630","2649","2640","신내","안암"
"06호선","1","1","2645","644","석계","053530","2648","2611","봉화산","응암","245230","2649","2640","신내","안암"
"06호선","2","3","2620","619","월드컵경기장","053540","2617","2649","새절","신내","234950","2611","2627","응암","공덕"
"06호선","2","2","2620","619","월드컵경기장","053540","2617","2649","새절","신내","234950","2611","2627","응암","공덕"
"06호선","2","1","2620","619","월드컵경기장","053540","2617","2649","새절","신내","244540","2611","2627","응암","공덕"
"06호선","2","2","2628","627","효창공원앞","053550","2627","2649","공덕","신내","235340","2611","2632","응암","한강진"
"06호선","2","3","2628","627","효창공원앞","053550","2627","2649","공덕","신내","235340","2611","2632","응암","한강진"
"06호선","2","1","2628","627","효창공원앞","053550","2627","2649","공덕","신내","244220","2611","2632","응암","한강진"
"06호선","1","3","2641","640","고려대","053550","2643","2611","상월곡","응암","240350","2649","2640","신내","안암"
"06호선","1","2","2641","640","고려대","053550","2643","2611","상월곡","응암","240350","2649","2640","신내","안암"
"06호선","1","1","2641","640","고려대","053550","2643","2611","상월곡","응암","245950","2649","2640","신내","안암"
"06호선","1","3","2632","631","한강진","053600","2632","2611","한강진","응암","235700","2648","2627","봉화산","공덕"
"06호선","1","2","2632","631","한강진","053600","2632","2611","한강진","응암","235700","2648","2627","봉화산","공덕"
"06호선","1","1","2632","631","한강진","053600","2632","2611","한강진","응암","244600","2649","2627","신내","공덕"
"06호선","1","3","2636","635","신당","053640","2640","2611","안암","응암","240110","2648","2632","봉화산","한강진"
"06호선","1","2","2636","635","신당","053640","2640","2611","안암","응암","240110","2648","2632","봉화산","한강진"
"06호선","1","1","2636","635","신당","053640","2640","2611","안암","응암","245310","2648","2632","봉화산","한강진"
"06호선","2","2","2616","615","구산","053640","2614","2648","독바위","봉화산","235200","2611","2617","응암","새절"
"06호선","2","3","2616","615","구산","053640","2614","2648","독바위","봉화산","235200","2611","2617","응암","새절"
"06호선","2","1","2616","615","구산","053640","2614","2648","독바위","봉화산","245050","2611","2611","응암","응암"
"06호선","2","3","2644","643","돌곶이","053700","2640","2649","안암","신내","235930","2611","2648","응암","봉화산"
"06호선","2","2","2644","643","돌곶이","053700","2640","2649","안암","신내","235930","2611","2648","응암","봉화산"
"06호선","2","1","2644","643","돌곶이","053700","2640","2649","안암","신내","245240","2611","2648","응암","봉화산"
"06호선","2","2","2636","635","신당","053700","2632","2649","한강진","신내","235700","2611","2640","응암","안암"
"06호선","2","3","2636","635","신당","053700","2632","2649","한강진","신내","235700","2611","2640","응암","안암"
"06호선","1","1","2627","626","공덕","053700","2627","2611","공덕","응암","243640","2649","2617","신내","새절"
"06호선","1","2","2627","626","공덕","053700","2627","2611","공덕","응암","235550","2649","2626","신내","대흥"
"06호선","1","3","2627","626","공덕","053700","2627","2611","공덕","응암","235550","2649","2626","신내","대흥"
"06호선","1","3","2611","610","응암","053700","2611","2649","응암","신내","235330","2611","2614","응암","독바위"
"06호선","1","2","2611","610","응암","053700","2611","2649","응암","신내","235330","2611","2614","응암","독바위"
"06호선","1","1","2611","610","응암","053700","2611","2649","응암","신내","244030","2611","2611","응암","응암"
"06호선","1","3","2622","621","망원","053710","2626","2611","대흥","응암","235350","2648","2611","봉화산","응암"
"06호선","1","2","2622","621","망원","053710","2626","2611","대흥","응암","235350","2648","2611","봉화산","응암"
"06호선","1","1","2622","621","망원","053710","2626","2611","대흥","응암","244540","2649","2617","신내","새절"
"06호선","2","1","2636","635","신당","053710","2632","2649","한강진","신내","243900","2611","2648","응암","봉화산"
"06호선","2","2","2621","620","마포구청","053720","2617","2649","새절","신내","235130","2611","2627","응암","공덕"
"06호선","2","1","2621","620","마포구청","053720","2617","2649","새절","신내","244720","2611","2627","응암","공덕"
"06호선","2","3","2621","620","마포구청","053720","2617","2649","새절","신내","235130","2611","2627","응암","공덕"
"06호선","1","2","2644","643","돌곶이","053720","2648","2611","봉화산","응암","235830","2649","2640","신내","안암"
"06호선","1","3","2644","643","돌곶이","053720","2648","2611","봉화산","응암","235830","2649","2640","신내","안암"
"06호선","1","1","2644","643","돌곶이","053720","2648","2611","봉화산","응암","245420","2649","2640","신내","안암"
"05호선","1","1","2554","553","상일동","052300","2554","2549","상일동","강동","243100","2566","2549","하남검단산","강동"
"05호선","2","1","2511","510","방화","052430","2511","2518","방화","화곡","243700","2511","2518","방화","화곡"
"05호선","1","2","2527","526","여의도","053000","2527","2511","여의도","방화","235110","2561","2518","마천","화곡"
"05호선","1","3","2527","526","여의도","053000","2527","2511","여의도","방화","235110","2561","2518","마천","화곡"
"05호선","1","1","2527","526","여의도","053000","2527","2511","여의도","방화","242840","2566","2511","하남검단산","방화"
"05호선","1","1","2541","540","왕십리","053000","2541","2511","왕십리","방화","244200","2566","2531","하남검단산","애오개"
"05호선","1","2","2541","540","왕십리","053000","2541","2511","왕십리","방화","234510","2561","2531","마천","애오개"
"05호선","1","3","2541","540","왕십리","053000","2541","2511","왕십리","방화","234510","2561","2531","마천","애오개"
"05호선","2","3","2518","517","화곡","053000","2518","2566","화곡","하남검단산","233520","2511","2531","방화","애오개"
"05호선","2","1","2518","517","화곡","053000","2518","2566","화곡","하남검단산","242850","2511","2531","방화","애오개"
"05호선","2","2","2518","517","화곡","053000","2518","2566","화곡","하남검단산","233520","2511","2531","방화","애오개"
"05호선","2","2","2511","510","방화","053000","2511","2566","방화","하남검단산","233300","2511","2518","방화","화곡"
"05호선","2","3","2511","510","방화","053000","2511","2566","방화","하남검단산","233300","2511","2518","방화","화곡"
"05호선","1","3","2554","553","상일동","053000","2554","2511","상일동","방화","235300","2566","2549","하남검단산","강동"
"05호선","1","3","2521","520","목동","054040","2527","2511","여의도","방화","240150","2561","2518","마천","화곡"
"05호선","1","2","2521","520","목동","054040","2527","2511","여의도","방화","240150","2561","2518","마천","화곡"
"05호선","1","2","2529","528","마포","054040","2531","2511","애오개","방화","235600","2566","2527","하남검단산","여의도"
"05호선","1","1","2529","528","마포","054040","2531","2511","애오개","방화","244400","2561","2527","마천","여의도"
"05호선","1","3","2529","528","마포","054040","2531","2511","애오개","방화","235600","2566","2527","하남검단산","여의도"
"05호선","1","1","2562","554","강일","054040","2566","2511","하남검단산","방화","242840","2566","2549","하남검단산","강동"
"05호선","2","3","2516","515","발산","054050","2511","2566","방화","하남검단산","234350","2511","2518","방화","화곡"
"05호선","2","1","2516","515","발산","054050","2511","2566","방화","하남검단산","244710","2511","2518","방화","화곡"
"05호선","2","2","2516","515","발산","054050","2511","2566","방화","하남검단산","234350","2511","2518","방화","화곡"
"05호선","1","3","2563","555","미사","054050","2566","2511","하남검단산","방화","234820","2566","2549","하남검단산","강동"
"05호선","1","2","2563","555","미사","054050","2566","2511","하남검단산","방화","234820","2566","2549","하남검단산","강동"
"05호선","1","3","2557","P551","방이","054050","2561","2511","마천","방화","234750","2561","2545","마천","군자"
"05호선","1","2","2557","P551","방이","054050","2561","2511","마천","방화","234750","2561","2545","마천","군자"
"05호선","2","2","2547","546","광나루","054100","2545","2566","군자","하남검단산","240150","2511","2554","방화","상일동"
"05호선","2","3","2547","546","광나루","054100","2545","2566","군자","하남검단산","240150","2511","2554","방화","상일동"
"05호선","2","1","2547","546","광나루","054100","2545","2566","군자","하남검단산","244550","2511","2554","방화","상일동"
"05호선","2","1","2524","523","영등포구청","054100","2518","2566","화곡","하남검단산","243950","2511","2531","방화","애오개"
"05호선","2","2","2524","523","영등포구청","054100","2518","2566","화곡","하남검단산","234620","2511","2531","방화","애오개"
"05호선","2","3","2524","523","영등포구청","054100","2518","2566","화곡","하남검단산","234620","2511","2531","방화","애오개"
"05호선","1","3","2535","534","종로3가","054120","2541","2511","왕십리","방화","235630","2561","2531","마천","애오개"
"05호선","1","2","2535","534","종로3가","054120","2541","2511","왕십리","방화","235630","2561","2531","마천","애오개"
"05호선","1","1","2535","534","종로3가","054120","2541","2511","왕십리","방화","245310","2566","2531","하남검단산","애오개"
"05호선","2","1","2560","P554","거여","054140","2549","2561","강동","마천","244600","2511","2561","방화","마천"
"05호선","2","3","2560","P554","거여","054140","2549","2561","강동","마천","240030","2511","2561","방화","마천"
"05호선","2","2","2560","P554","거여","054140","2549","2561","강동","마천","240030","2511","2561","방화","마천"
"05호선","2","3","2532","531","충정로","054150","2531","2561","애오개","마천","234850","2511","2541","방화","왕십리"
"05호선","2","2","2532","531","충정로","054150","2531","2561","애오개","마천","234850","2511","2541","방화","왕십리"
"05호선","2","1","2532","531","충정로","054150","2531","2561","애오개","마천","243500","2511","2545","방화","군자"
"05호선","1","1","2520","519","신정","054210","2527","2511","여의도","방화","244050","2566","2511","하남검단산","방화"
"05호선","1","3","2520","519","신정","054210","2527","2511","여의도","방화","240320","2561","2518","마천","화곡"
"05호선","1","2","2520","519","신정","054210","2527","2511","여의도","방화","240320","2561","2518","마천","화곡"
"05호선","1","1","2555","P549","둔촌동","054220","2561","2511","마천","방화","244020","2561","2541","마천","왕십리"
"05호선","2","3","2525","524","영등포시장","054230","2518","2566","화곡","하남검단산","234750","2511","2531","방화","애오개"
"05호선","2","1","2525","524","영등포시장","054230","2518","2566","화곡","하남검단산","244130","2511","2531","방화","애오개"
"05호선","2","2","2525","524","영등포시장","054230","2518","2566","화곡","하남검단산","234750","2511","2531","방화","애오개"
"05호선","1","3","2556","P550","올림픽공원","054240","2561","2511","마천","방화","234940","2561","2545","마천","군자"
"05호선","1","2","2556","P550","올림픽공원","054240","2561","2511","마천","방화","234940","2561","2545","마천","군자"
"05호선","2","1","2517","516","우장산","054250","2511","2566","방화","하남검단산","244900","2511","2518","방화","화곡"
"05호선","2","2","2517","516","우장산","054250","2511","2566","방화","하남검단산","234550","2511","2518","방화","화곡"
"05호선","2","3","2517","516","우장산","054250","2511","2566","방화","하남검단산","234550","2511","2518","방화","화곡"
"05호선","1","2","2528","527","여의나루","054300","2531","2511","애오개","방화","235820","2566","2527","하남검단산","여의도"
"05호선","1","3","2528","527","여의나루","054300","2531","2511","애오개","방화","235820","2566","2527","하남검단산","여의도"
"05호선","1","1","2528","527","여의나루","054300","2531","2511","애오개","방화","244620","2561","2527","마천","여의도"
"05호선","1","3","2562","554","강일","054310","2566","2511","하남검단산","방화","235040","2566","2549","하남검단산","강동"
"05호선","1","2","2562","554","강일","054310","2566","2511","하남검단산","방화","235040","2566","2549","하남검단산","강동"
"05호선","2","2","2533","532","서대문","054320","2531","2561","애오개","마천","235020","2511","2541","방화","왕십리"
"05호선","2","3","2533","532","서대문","054320","2531","2561","애오개","마천","235020","2511","2541","방화","왕십리"
"05호선","2","1","2533","532","서대문","054320","2531","2561","애오개","마천","243620","2511","2545","방화","군자"
"05호선","1","1","2534","533","광화문","054330","2541","2511","왕십리","방화","245530","2566","2531","하남검단산","애오개"
"05호선","1","3","2534","533","광화문","054330","2541","2511","왕십리","방화","235840","2561","2531","마천","애오개"
"05호선","1","2","2534","533","광화문","054330","2541","2511","왕십리","방화","235840","2561","2531","마천","애오개"
"05호선","2","3","2548","547","천호","054340","2545","2566","군자","하남검단산","240430","2511","2554","방화","상일동"
"05호선","2","2","2548","547","천호","054340","2545","2566","군자","하남검단산","240430","2511","2554","방화","상일동"
"05호선","2","1","2548","547","천호","054340","2545","2566","군자","하남검단산","244830","2511","2554","방화","상일동"
"05호선","2","3","2541","540","왕십리","054400","2541","2566","왕십리","하남검단산","235750","2511","2545","방화","군자"
"05호선","2","2","2541","540","왕십리","054400","2541","2566","왕십리","하남검단산","235750","2511","2545","방화","군자"
"05호선","2","1","2541","540","왕십리","054400","2541","2566","왕십리","하남검단산","245140","2511","2545","방화","군자"
"05호선","1","2","2519","518","까치산","054430","2527","2511","여의도","방화","240540","2561","2518","마천","화곡"
"05호선","2","2","2529","528","마포","055040","2518","2566","화곡","하남검단산","235600","2511","2531","방화","애오개"
"05호선","2","3","2529","528","마포","055040","2518","2566","화곡","하남검단산","235600","2511","2531","방화","애오개"
"05호선","2","1","2529","528","마포","055040","2518","2566","화곡","하남검단산","244940","2511","2531","방화","애오개"
"05호선","2","3","2552","551","명일","055050","2545","2566","군자","하남검단산","241140","2511","2554","방화","상일동"
"05호선","2","1","2552","551","명일","055050","2545","2566","군자","하남검단산","245540","2511","2554","방화","상일동"
"05호선","2","2","2552","551","명일","055050","2545","2566","군자","하남검단산","241140","2511","2554","방화","상일동"
"05호선","2","3","2537","536","동대문역사문화공원","055150","2531","2561","애오개","마천","235850","2511","2541","방화","왕십리"
"05호선","2","2","2537","536","동대문역사문화공원","055150","2531","2561","애오개","마천","235850","2511","2541","방화","왕십리"
"05호선","2","1","2537","536","동대문역사문화공원","055150","2531","2561","애오개","마천","244440","2511","2545","방화","군자"
"05호선","1","3","2515","514","마곡","055230","2527","2511","여의도","방화","240210","2566","2511","하남검단산","방화"
"05호선","1","2","2515","514","마곡","055230","2527","2511","여의도","방화","240210","2566","2511","하남검단산","방화"
"05호선","1","1","2515","514","마곡","055230","2527","2511","여의도","방화","245110","2566","2511","하남검단산","방화"
"05호선","2","2","2530","529","공덕","055230","2518","2566","화곡","하남검단산","235750","2511","2531","방화","애오개"
"05호선","2","1","2530","529","공덕","055230","2518","2566","화곡","하남검단산","245130","2511","2531","방화","애오개"
"05호선","2","3","2530","529","공덕","055230","2518","2566","화곡","하남검단산","235750","2511","2531","방화","애오개"
"05호선","2","1","2553","552","고덕","055300","2545","2566","군자","하남검단산","245750","2511","2554","방화","상일동"
"05호선","2","2","2553","552","고덕","055300","2545","2566","군자","하남검단산","241350","2511","2554","방화","상일동"
"05호선","2","3","2553","552","고덕","055300","2545","2566","군자","하남검단산","241350","2511","2554","방화","상일동"
"05호선","1","2","2513","512","김포공항","055710","2527","2511","여의도","방화","240650","2566","2511","하남검단산","방화"
"05호선","1","1","2513","512","김포공항","055710","2527","2511","여의도","방화","245550","2566","2511","하남검단산","방화"
"05호선","1","3","2513","512","김포공항","055710","2527","2511","여의도","방화","240650","2566","2511","하남검단산","방화"
"05호선","2","2","2540","539","행당","055710","2531","2561","애오개","마천","240410","2511","2541","방화","왕십리"
"05호선","2","3","2540","539","행당","055710","2531","2561","애오개","마천","240410","2511","2541","방화","왕십리"
"05호선","2","1","2540","539","행당","055710","2531","2561","애오개","마천","245000","2511","2545","방화","군자"
"05호선","2","1","2562","554","강일","055730","2545","2566","군자","하남검단산","243820","2511","2566","방화","하남검단산"
"05호선","2","2","2562","554","강일","055730","2545","2566","군자","하남검단산","235250","2511","2566","방화","하남검단산"
"05호선","2","3","2562","554","강일","055730","2545","2566","군자","하남검단산","235250","2511","2566","방화","하남검단산"
"05호선","1","1","2512","511","개화산","055920","2527","2511","여의도","방화","245800","2566","2511","하남검단산","방화"
"05호선","1","3","2512","511","개화산","055920","2527","2511","여의도","방화","240900","2566","2511","하남검단산","방화"
"05호선","1","2","2512","511","개화산","055920","2527","2511","여의도","방화","240900","2566","2511","하남검단산","방화"
"05호선","2","1","2564","556","하남풍산","060250","2545","2566","군자","하남검단산","244340","2511","2566","방화","하남검단산"
"05호선","2","2","2564","556","하남풍산","060250","2545","2566","군자","하남검단산","235810","2511","2566","방화","하남검단산"
"05호선","2","3","2564","556","하남풍산","060250","2545","2566","군자","하남검단산","235810","2511","2566","방화","하남검단산"
"06호선","2","1","2640","639","안암","053000","2640","2649","안암","신내","244540","2611","2648","응암","봉화산"
"06호선","2","2","2640","639","안암","053000","2640","2649","안암","신내","235230","2611","2648","응암","봉화산"
"06호선","2","3","2640","639","안암","053000","2640","2649","안암","신내","235230","2611","2648","응암","봉화산"
"06호선","1","2","2626","625","대흥","053000","2626","2611","대흥","응암","234640","2648","2611","봉화산","응암"
"06호선","1","1","2626","625","대흥","053000","2626","2611","대흥","응암","243830","2649","2617","신내","새절"
"06호선","1","3","2626","625","대흥","053000","2626","2611","대흥","응암","234640","2648","2611","봉화산","응암"
"06호선","2","1","2632","631","한강진","053000","2632","2649","한강진","신내","243200","2611","2648","응암","봉화산"
"06호선","2","2","2632","631","한강진","053000","2632","2649","한강진","신내","234950","2611","2640","응암","안암"
"06호선","2","3","2632","631","한강진","053000","2632","2649","한강진","신내","234950","2611","2640","응암","안암"
"06호선","2","2","2617","616","새절","053000","2617","2649","새절","신내","234410","2611","2627","응암","공덕"
"06호선","2","3","2617","616","새절","053000","2617","2649","새절","신내","234410","2611","2627","응암","공덕"
"06호선","2","1","2617","616","새절","053000","2617","2649","새절","신내","244010","2611","2627","응암","공덕"
"06호선","1","2","2640","639","안암","053000","2640","2611","안암","응암","235430","2648","2632","봉화산","한강진"
"06호선","1","3","2640","639","안암","053000","2640","2611","안암","응암","235430","2648","2632","봉화산","한강진"
"06호선","1","1","2640","639","안암","053000","2640","2611","안암","응암","244630","2648","2632","봉화산","한강진"
"06호선","1","2","2648","647","봉화산","053000","2648","2611","봉화산","응암","235100","2649","2640","신내","안암"
"06호선","1","1","2648","647","봉화산","053000","2648","2611","봉화산","응암","244700","2649","2640","신내","안암"
"06호선","1","3","2648","647","봉화산","053000","2648","2611","봉화산","응암","235100","2649","2640","신내","안암"
"06호선","2","3","2641","640","고려대","053140","2640","2649","안암","신내","235410","2611","2648","응암","봉화산"
"06호선","2","1","2641","640","고려대","053140","2640","2649","안암","신내","244720","2611","2648","응암","봉화산"
"06호선","2","2","2641","640","고려대","053140","2640","2649","안암","신내","235410","2611","2648","응암","봉화산"
"06호선","1","2","2639","638","보문","053140","2640","2611","안암","응암","235610","2648","2632","봉화산","한강진"
"06호선","1","3","2639","638","보문","053140","2640","2611","안암","응암","235610","2648","2632","봉화산","한강진"
"06호선","1","1","2639","638","보문","053140","2640","2611","안암","응암","244810","2648","2632","봉화산","한강진"
"06호선","2","1","2633","632","버티고개","053150","2632","2649","한강진","신내","243350","2611","2648","응암","봉화산"
"06호선","2","2","2633","632","버티고개","053150","2632","2649","한강진","신내","235140","2611","2640","응암","안암"
"06호선","2","3","2633","632","버티고개","053150","2632","2649","한강진","신내","235140","2611","2640","응암","안암"
"06호선","2","2","2618","617","증산","053150","2617","2649","새절","신내","234600","2611","2627","응암","공덕"
"06호선","2","1","2618","617","증산","053150","2617","2649","새절","신내","244150","2611","2627","응암","공덕"
"06호선","2","3","2618","617","증산","053150","2617","2649","새절","신내","234600","2611","2627","응암","공덕"
"06호선","1","3","2647","646","화랑대","053150","2648","2611","봉화산","응암","235250","2649","2640","신내","안암"
"06호선","1","2","2647","646","화랑대","053150","2648","2611","봉화산","응암","235250","2649","2640","신내","안암"
"06호선","1","1","2647","646","화랑대","053150","2648","2611","봉화산","응암","244850","2649","2640","신내","안암"
"06호선","1","3","2625","624","광흥창","053200","2626","2611","대흥","응암","234840","2648","2611","봉화산","응암"
"06호선","1","2","2625","624","광흥창","053200","2626","2611","대흥","응암","234840","2648","2611","봉화산","응암"
"06호선","1","1","2625","624","광흥창","053200","2626","2611","대흥","응암","244030","2649","2617","신내","새절"
"06호선","2","2","2614","613","독바위","053200","2614","2648","독바위","봉화산","234720","2611","2617","응암","새절"
"06호선","2","3","2614","613","독바위","053200","2614","2648","독바위","봉화산","234720","2611","2617","응암","새절"
"06호선","2","1","2614","613","독바위","053200","2614","2648","독바위","봉화산","244610","2611","2611","응암","응암"
"06호선","1","2","2643","642","상월곡","053200","2643","2611","상월곡","응암","240000","2649","2640","신내","안암"
"06호선","1","3","2643","642","상월곡","053200","2643","2611","상월곡","응암","240000","2649","2640","신내","안암"
"06호선","1","1","2643","642","상월곡","053200","2643","2611","상월곡","응암","245600","2649","2640","신내","안암"
"06호선","1","3","2638","637","창신","053320","2640","2611","안암","응암","235750","2648","2632","봉화산","한강진"
"06호선","1","2","2619","618","디지털미디어시티","054230","2626","2611","대흥","응암","235920","2648","2611","봉화산","응암"
"06호선","1","3","2619","618","디지털미디어시티","054230","2626","2611","대흥","응암","235920","2648","2611","봉화산","응암"
"06호선","1","1","2619","618","디지털미디어시티","054230","2626","2611","대흥","응암","245110","2649","2617","신내","새절"
"06호선","2","3","2647","646","화랑대","054240","2640","2649","안암","신내","240450","2611","2648","응암","봉화산"
"06호선","2","2","2647","646","화랑대","054240","2640","2649","안암","신내","240450","2611","2648","응암","봉화산"
"06호선","2","1","2647","646","화랑대","054240","2640","2649","안암","신내","245810","2611","2648","응암","봉화산"
"06호선","2","2","2624","623","상수","054240","2617","2649","새절","신내","235650","2611","2627","응암","공덕"
"06호선","2","3","2624","623","상수","054240","2617","2649","새절","신내","235650","2611","2627","응암","공덕"
"06호선","2","1","2624","623","상수","054240","2617","2649","새절","신내","245320","2611","2627","응암","공덕"
"06호선","1","2","2649","648","신내","054300","2649","2611","신내","응암","234600","2649","2640","신내","안암"
"06호선","1","3","2649","648","신내","054300","2649","2611","신내","응암","234600","2649","2640","신내","안암"
"06호선","1","3","2628","627","효창공원앞","054340","2632","2611","한강진","응암","240450","2648","2627","봉화산","공덕"
"06호선","1","1","2628","627","효창공원앞","054340","2632","2611","한강진","응암","245340","2649","2627","신내","공덕"
"06호선","1","2","2628","627","효창공원앞","054340","2632","2611","한강진","응암","240450","2648","2627","봉화산","공덕"
"06호선","1","3","2618","617","증산","054420","2626","2611","대흥","응암","240100","2648","2611","봉화산","응암"
"06호선","1","2","2618","617","증산","054420","2626","2611","대흥","응암","240100","2648","2611","봉화산","응암"
"06호선","1","1","2618","617","증산","054420","2626","2611","대흥","응암","245250","2649","2617","신내","새절"
"06호선","2","1","2625","624","광흥창","054420","2617","2649","새절","신내","245530","2611","2627","응암","공덕"
"06호선","2","2","2625","624","광흥창","054420","2617","2649","새절","신내","235830","2611","2627","응암","공덕"
"06호선","2","3","2625","624","광흥창","054420","2617","2649","새절","신내","235830","2611","2627","응암","공덕"
"06호선","2","2","2648","647","봉화산","054430","2640","2649","안암","신내","234640","2611","2649","응암","신내"
"06호선","2","3","2648","647","봉화산","054430","2640","2649","안암","신내","234640","2611","2649","응암","신내"
"06호선","2","1","2648","647","봉화산","054430","2640","2649","안암","신내","244010","2611","2649","응암","신내"
"07호선","2","1","2711","709","장암","053500","2711","3763","장암","석남","242200","2711","2729","장암","건대입구"
"07호선","1","2","2716","714","중계","053510","2719","2711","태릉입구","장암","240320","3763","2712","석남","도봉산"
"07호선","1","3","2716","714","중계","053510","2719","2711","태릉입구","장암","240320","3763","2712","석남","도봉산"
"07호선","1","1","2716","714","중계","053510","2719","2711","태릉입구","장암","244650","3763","2712","석남","도봉산"
"07호선","1","1","2750","748","광명사거리","053510","2752","2711","온수","장암","243040","3763","2737","석남","내방"
"07호선","1","3","2750","748","광명사거리","053510","2752","2712","온수","도봉산","233710","3763","2737","석남","내방"
"07호선","1","2","2750","748","광명사거리","053510","2752","2712","온수","도봉산","233710","3763","2737","석남","내방"
"07호선","2","2","2714","712","마들","053520","2712","3763","도봉산","석남","234550","2711","2729","장암","건대입구"
"07호선","2","3","2714","712","마들","053520","2712","3763","도봉산","석남","234550","2711","2729","장암","건대입구"
"07호선","2","1","2714","712","마들","053520","2712","3763","도봉산","석남","243220","2711","2729","장암","건대입구"
"07호선","2","3","2721","719","중화","053530","2719","3763","태릉입구","석남","235820","2711","2729","장암","건대입구"
"07호선","2","2","2721","719","중화","053530","2719","3763","태릉입구","석남","235820","2711","2729","장암","건대입구"
"07호선","2","1","2721","719","중화","053530","2719","3763","태릉입구","석남","244450","2711","2729","장암","건대입구"
"07호선","1","2","3760","758","굴포천","053530","3763","2712","석남","도봉산","235220","3763","2752","석남","온수"
"07호선","1","3","3760","758","굴포천","053530","3763","2712","석남","도봉산","235220","3763","2752","석남","온수"
"07호선","1","3","2726","724","중곡","053540","2729","2711","건대입구","장암","235540","3763","2719","석남","태릉입구"
"06호선","1","3","2635","634","청구","053820","2640","2611","안암","응암","240250","2648","2632","봉화산","한강진"
"06호선","1","2","2635","634","청구","053820","2640","2611","안암","응암","240250","2648","2632","봉화산","한강진"
"06호선","1","1","2635","634","청구","053820","2640","2611","안암","응암","245450","2648","2632","봉화산","한강진"
"06호선","2","2","2637","636","동묘앞","053830","2632","2649","한강진","신내","235830","2611","2640","응암","안암"
"06호선","2","3","2637","636","동묘앞","053830","2632","2649","한강진","신내","235830","2611","2640","응암","안암"
"06호선","2","1","2637","636","동묘앞","053840","2632","2649","한강진","신내","244030","2611","2648","응암","봉화산"
"06호선","1","1","2621","620","마포구청","053900","2626","2611","대흥","응암","244730","2649","2617","신내","새절"
"06호선","1","2","2621","620","마포구청","053900","2626","2611","대흥","응암","235540","2648","2611","봉화산","응암"
"06호선","1","3","2621","620","마포구청","053900","2626","2611","대흥","응암","235540","2648","2611","봉화산","응암"
"06호선","2","2","2612","611","역촌","053900","2611","2649","응암","신내","235530","2611","2614","응암","독바위"
"06호선","2","3","2612","611","역촌","053900","2611","2649","응암","신내","235530","2611","2614","응암","독바위"
"06호선","2","1","2612","611","역촌","053900","2611","2649","응암","신내","244230","2611","2611","응암","응암"
"06호선","1","1","2649","648","신내","053900","2649","2611","신내","응암","244200","2649","2640","신내","안암"
"06호선","2","2","2645","644","석계","053910","2640","2649","안암","신내","240130","2611","2648","응암","봉화산"
"06호선","2","1","2645","644","석계","053910","2640","2649","안암","신내","245440","2611","2648","응암","봉화산"
"06호선","2","3","2645","644","석계","053910","2640","2649","안암","신내","240130","2611","2648","응암","봉화산"
"06호선","2","1","2622","621","망원","053910","2617","2649","새절","신내","244910","2611","2627","응암","공덕"
"06호선","2","2","2622","621","망원","053910","2617","2649","새절","신내","235320","2611","2627","응암","공덕"
"06호선","2","3","2622","621","망원","053910","2617","2649","새절","신내","235320","2611","2627","응암","공덕"
"06호선","2","1","2611","610","응암","053910","2614","2648","독바위","봉화산","243830","2611","2627","응암","공덕"
"06호선","2","3","2611","610","응암","053910","2614","2648","독바위","봉화산","235430","2611","2617","응암","새절"
"06호선","2","2","2611","610","응암","053910","2614","2648","독바위","봉화산","235430","2611","2617","응암","새절"
"06호선","1","2","2630","629","녹사평","053930","2632","2611","한강진","응암","240030","2648","2627","봉화산","공덕"
"06호선","1","3","2630","629","녹사평","053930","2632","2611","한강진","응암","240030","2648","2627","봉화산","공덕"
"06호선","1","1","2630","629","녹사평","053930","2632","2611","한강진","응암","244930","2649","2627","신내","공덕"
"06호선","2","3","2630","629","녹사평","053950","2627","2649","공덕","신내","235750","2611","2632","응암","한강진"
"06호선","2","1","2630","629","녹사평","053950","2627","2649","공덕","신내","244630","2611","2632","응암","한강진"
"06호선","2","2","2630","629","녹사평","053950","2627","2649","공덕","신내","235750","2611","2632","응암","한강진"
"06호선","1","2","2634","633","약수","054010","2640","2611","안암","응암","240440","2648","2632","봉화산","한강진"
"06호선","1","1","2634","633","약수","054010","2640","2611","안암","응암","245640","2648","2632","봉화산","한강진"
"06호선","2","3","2629","628","삼각지","053750","2627","2649","공덕","신내","235550","2611","2632","응암","한강진"
"06호선","2","2","2629","628","삼각지","053750","2627","2649","공덕","신내","235550","2611","2632","응암","한강진"
"06호선","2","1","2629","628","삼각지","053750","2627","2649","공덕","신내","244430","2611","2632","응암","한강진"
"06호선","1","1","2631","630","이태원","053800","2632","2611","한강진","응암","244800","2649","2627","신내","공덕"
"06호선","1","3","2617","616","새절","054610","2626","2611","대흥","응암","240250","2648","2611","봉화산","응암"
"06호선","1","2","2617","616","새절","054610","2626","2611","대흥","응암","240250","2648","2611","봉화산","응암"
"06호선","1","1","2617","616","새절","054610","2626","2611","대흥","응암","243840","2649","2611","신내","응암"
"06호선","2","2","2626","625","대흥","054620","2617","2649","새절","신내","240030","2611","2627","응암","공덕"
"06호선","2","3","2626","625","대흥","054620","2617","2649","새절","신내","240030","2611","2627","응암","공덕"
"06호선","2","1","2626","625","대흥","054620","2617","2649","새절","신내","245800","2611","2627","응암","공덕"
"07호선","1","3","3763","761","석남","052800","3763","2712","석남","도봉산","234430","3763","2752","석남","온수"
"07호선","1","1","3763","761","석남","052800","3763","2711","석남","장암","243000","3763","2752","석남","온수"
"07호선","1","2","3763","761","석남","052800","3763","2712","석남","도봉산","234430","3763","2752","석남","온수"
"07호선","2","2","2752","750","온수","053000","2752","3763","온수","석남","234700","2711","3763","장암","석남"
"07호선","2","1","2752","750","온수","053000","2752","3763","온수","석남","244030","2712","3763","도봉산","석남"
"07호선","2","3","2752","750","온수","053000","2752","3763","온수","석남","234700","2711","3763","장암","석남"
"07호선","1","2","2719","717","태릉입구","053000","2719","2711","태릉입구","장암","235810","3763","2712","석남","도봉산"
"07호선","1","1","2719","717","태릉입구","053000","2719","2711","태릉입구","장암","244140","3763","2712","석남","도봉산"
"07호선","1","3","2719","717","태릉입구","053000","2719","2711","태릉입구","장암","235810","3763","2712","석남","도봉산"
"07호선","2","3","2745","743","신풍","053000","2745","3763","신풍","석남","235340","2712","2752","도봉산","온수"
"07호선","2","2","2745","743","신풍","053000","2745","3763","신풍","석남","235340","2712","2752","도봉산","온수"
"07호선","2","1","2745","743","신풍","053000","2745","3763","신풍","석남","244410","2712","2752","도봉산","온수"
"07호선","1","1","2729","727","건대입구","053000","2729","2711","건대입구","장암","244130","3763","2719","석남","태릉입구"
"07호선","1","3","2729","727","건대입구","053000","2729","2711","건대입구","장암","235000","3763","2719","석남","태릉입구"
"07호선","1","2","2729","727","건대입구","053000","2729","2711","건대입구","장암","235000","3763","2719","석남","태릉입구"
"07호선","2","1","2737","735","내방","053000","2737","3763","내방","석남","244240","2711","2745","장암","신풍"
"07호선","2","3","2737","735","내방","053000","2737","3763","내방","석남","234810","2711","2745","장암","신풍"
"07호선","2","2","2737","735","내방","053000","2737","3763","내방","석남","234810","2711","2745","장암","신풍"
"07호선","1","2","2752","750","온수","053000","2752","2712","온수","도봉산","233200","3763","2737","석남","내방"
"07호선","1","3","2752","750","온수","053000","2752","2712","온수","도봉산","233200","3763","2737","석남","내방"
"07호선","1","1","2752","750","온수","053000","2752","2711","온수","장암","242530","3763","2737","석남","내방"
"07호선","2","3","2712","710","도봉산","053000","2712","3763","도봉산","석남","234030","2711","2729","장암","건대입구"
"07호선","2","2","2712","710","도봉산","053000","2712","3763","도봉산","석남","234030","2711","2729","장암","건대입구"
"07호선","2","1","2712","710","도봉산","053000","2712","3763","도봉산","석남","242700","2711","2729","장암","건대입구"
"07호선","2","1","2731","729","청담","053100","2731","3763","청담","석남","243030","2711","2745","장암","신풍"
"07호선","2","2","2731","729","청담","053100","2731","3763","청담","석남","234800","2712","2737","도봉산","내방"
"07호선","2","3","2731","729","청담","053100","2731","3763","청담","석남","234800","2712","2737","도봉산","내방"
"07호선","1","2","3762","760","산곡","053120","3763","2712","석남","도봉산","234800","3763","2752","석남","온수"
"07호선","1","3","3762","760","산곡","053120","3763","2712","석남","도봉산","234800","3763","2752","석남","온수"
"07호선","1","2","2718","716","공릉","053130","2719","2711","태릉입구","장암","235940","3763","2712","석남","도봉산"
"07호선","1","1","2718","716","공릉","053130","2719","2711","태릉입구","장암","244310","3763","2712","석남","도봉산"
"07호선","1","3","2718","716","공릉","053130","2719","2711","태릉입구","장암","235940","3763","2712","석남","도봉산"
"07호선","1","1","3762","760","산곡","053130","3763","2711","석남","장암","243330","3763","2752","석남","온수"
"07호선","1","3","2728","726","어린이대공원","053150","2729","2711","건대입구","장암","235150","3763","2719","석남","태릉입구"
"07호선","1","2","2728","726","어린이대공원","053150","2729","2711","건대입구","장암","235150","3763","2719","석남","태릉입구"
"07호선","1","1","2728","726","어린이대공원","053150","2729","2711","건대입구","장암","244320","3763","2719","석남","태릉입구"
"07호선","2","2","2719","717","태릉입구","053200","2719","3763","태릉입구","석남","235450","2711","2729","장암","건대입구"
"07호선","2","3","2719","717","태릉입구","053200","2719","3763","태릉입구","석남","235450","2711","2729","장암","건대입구"
"07호선","2","1","2719","717","태릉입구","053200","2719","3763","태릉입구","석남","244120","2711","2729","장암","건대입구"
"07호선","2","1","2738","736","이수","053210","2737","3763","내방","석남","244450","2711","2745","장암","신풍"
"07호선","2","2","2738","736","이수","053210","2737","3763","내방","석남","235020","2711","2745","장암","신풍"
"07호선","2","3","2738","736","이수","053210","2737","3763","내방","석남","235020","2711","2745","장암","신풍"
"07호선","2","3","2746","744","대림","053230","2745","3763","신풍","석남","235610","2712","2752","도봉산","온수"
"07호선","2","2","2746","744","대림","053230","2745","3763","신풍","석남","235610","2712","2752","도봉산","온수"
"07호선","2","1","2746","744","대림","053230","2745","3763","신풍","석남","244640","2712","2752","도봉산","온수"
"07호선","1","2","2751","749","천왕","053240","2752","2712","온수","도봉산","233440","3763","2737","석남","내방"
"07호선","1","3","2751","749","천왕","053240","2752","2712","온수","도봉산","233440","3763","2737","석남","내방"
"07호선","1","1","2751","749","천왕","053240","2752","2711","온수","장암","242810","3763","2737","석남","내방"
"07호선","2","3","2713","711","수락산","053250","2712","3763","도봉산","석남","234320","2711","2729","장암","건대입구"
"07호선","2","2","2713","711","수락산","053250","2712","3763","도봉산","석남","234320","2711","2729","장암","건대입구"
"07호선","2","1","2713","711","수락산","053250","2712","3763","도봉산","석남","242950","2711","2729","장암","건대입구"
"07호선","2","3","3753","751","까치울","053300","2752","3763","온수","석남","235000","2711","3763","장암","석남"
"07호선","2","2","3753","751","까치울","053300","2752","3763","온수","석남","235000","2711","3763","장암","석남"
"07호선","2","1","3753","751","까치울","053300","2752","3763","온수","석남","244330","2712","3763","도봉산","석남"
"07호선","2","1","2732","730","강남구청","053300","2731","3763","청담","석남","243230","2711","2745","장암","신풍"
"07호선","2","2","2732","730","강남구청","053300","2731","3763","청담","석남","235000","2712","2737","도봉산","내방"
"07호선","2","3","2732","730","강남구청","053300","2731","3763","청담","석남","235000","2712","2737","도봉산","내방"
"07호선","1","3","2717","715","하계","053330","2719","2711","태릉입구","장암","240140","3763","2712","석남","도봉산"
"07호선","1","1","2717","715","하계","053330","2719","2711","태릉입구","장암","244510","3763","2712","석남","도봉산"
"07호선","1","2","2717","715","하계","053330","2719","2711","태릉입구","장암","240140","3763","2712","석남","도봉산"
"07호선","2","3","2720","718","먹골","053340","2719","3763","태릉입구","석남","235630","2711","2729","장암","건대입구"
"07호선","2","2","2720","718","먹골","053340","2719","3763","태릉입구","석남","235630","2711","2729","장암","건대입구"
"07호선","2","1","2720","718","먹골","053340","2719","3763","태릉입구","석남","244300","2711","2729","장암","건대입구"
"07호선","1","3","2727","725","군자","053350","2729","2711","건대입구","장암","235350","3763","2719","석남","태릉입구"
"07호선","1","2","2727","725","군자","053350","2729","2711","건대입구","장암","235350","3763","2719","석남","태릉입구"
"07호선","1","1","2727","725","군자","053350","2729","2711","건대입구","장암","244520","3763","2719","석남","태릉입구"
"07호선","1","3","3761","759","부평구청","053350","3763","2712","석남","도봉산","235030","3763","2752","석남","온수"
"07호선","1","2","3761","759","부평구청","053350","3763","2712","석남","도봉산","235030","3763","2752","석남","온수"
"07호선","2","1","2739","737","남성","053400","2737","3763","내방","석남","244640","2711","2745","장암","신풍"
"07호선","2","3","2739","737","남성","053400","2737","3763","내방","석남","235210","2711","2745","장암","신풍"
"07호선","2","2","2739","737","남성","053400","2737","3763","내방","석남","235210","2711","2745","장암","신풍"
"07호선","1","1","3761","759","부평구청","053400","3763","2711","석남","장암","243600","3763","2752","석남","온수"
"07호선","2","1","2747","745","남구로","053430","2745","3763","신풍","석남","244840","2712","2752","도봉산","온수"
"07호선","2","2","2747","745","남구로","053430","2745","3763","신풍","석남","235810","2712","2752","도봉산","온수"
"07호선","2","3","2747","745","남구로","053430","2745","3763","신풍","석남","235810","2712","2752","도봉산","온수"
"07호선","1","1","2745","743","신풍","053430","2745","2711","신풍","장암","244150","3763","2737","석남","내방"
"07호선","1","2","2745","743","신풍","053430","2745","2711","신풍","장암","234820","3763","2737","석남","내방"
"07호선","1","3","2745","743","신풍","053430","2745","2711","신풍","장암","234820","3763","2737","석남","내방"
"07호선","2","2","2733","731","학동","053440","2731","3763","청담","석남","235140","2712","2737","도봉산","내방"
"07호선","2","1","2733","731","학동","053440","2731","3763","청담","석남","243410","2711","2745","장암","신풍"
"07호선","2","3","2733","731","학동","053440","2731","3763","청담","석남","235140","2712","2737","도봉산","내방"
"07호선","2","3","3754","752","부천종합운동장","053500","2752","3763","온수","석남","235200","2711","3763","장암","석남"
"07호선","2","1","3754","752","부천종합운동장","053500","2752","3763","온수","석남","244530","2712","3763","도봉산","석남"
"07호선","2","2","3754","752","부천종합운동장","053500","2752","3763","온수","석남","235200","2711","3763","장암","석남"
"07호선","2","2","2711","709","장암","053500","2711","3763","장암","석남","233530","2711","2729","장암","건대입구"
"07호선","2","3","2711","709","장암","053500","2711","3763","장암","석남","233530","2711","2729","장암","건대입구"
"07호선","2","3","2723","721","면목","053930","2719","3763","태릉입구","석남","240220","2711","2729","장암","건대입구"
"07호선","2","2","2723","721","면목","053930","2719","3763","태릉입구","석남","240220","2711","2729","장암","건대입구"
"07호선","2","1","2723","721","면목","053930","2719","3763","태릉입구","석남","244850","2711","2729","장암","건대입구"
"07호선","2","2","2730","728","자양","053950","2729","3763","건대입구","석남","235800","2711","2731","장암","청담"
"07호선","2","3","2730","728","자양","053950","2729","3763","건대입구","석남","235800","2711","2731","장암","청담"
"07호선","2","1","2730","728","자양","053950","2729","3763","건대입구","석남","244330","2711","2731","장암","청담"
"07호선","1","2","2748","746","가산디지털단지","054000","2752","2712","온수","도봉산","234200","3763","2737","석남","내방"
"07호선","1","3","2748","746","가산디지털단지","054000","2752","2712","온수","도봉산","234200","3763","2737","석남","내방"
"07호선","1","1","2748","746","가산디지털단지","054000","2752","2711","온수","장암","243530","3763","2737","석남","내방"
"07호선","2","1","2736","734","고속터미널","054010","2731","3763","청담","석남","243940","2711","2745","장암","신풍"
"07호선","2","2","2736","734","고속터미널","054010","2731","3763","청담","석남","235710","2712","2737","도봉산","내방"
"07호선","2","3","2736","734","고속터미널","054010","2731","3763","청담","석남","235710","2712","2737","도봉산","내방"
"07호선","1","2","2742","740","장승배기","054020","2745","2711","신풍","장암","235410","3763","2737","석남","내방"
"07호선","1","3","2742","740","장승배기","054020","2745","2711","신풍","장암","235410","3763","2737","석남","내방"
"07호선","1","1","2742","740","장승배기","054020","2745","2711","신풍","장암","244740","3763","2737","석남","내방"
"07호선","2","1","3757","755","부천시청","054030","2752","3763","온수","석남","245100","2712","3763","도봉산","석남"
"07호선","2","3","3757","755","부천시청","054030","2752","3763","온수","석남","235730","2711","3763","장암","석남"
"07호선","2","2","3757","755","부천시청","054030","2752","3763","온수","석남","235730","2711","3763","장암","석남"
"07호선","1","1","2723","721","면목","054040","2729","2711","건대입구","장암","245210","3763","2719","석남","태릉입구"
"07호선","1","3","2723","721","면목","054040","2729","2711","건대입구","장암","240040","3763","2719","석남","태릉입구"
"07호선","1","2","2723","721","면목","054040","2729","2711","건대입구","장암","240040","3763","2719","석남","태릉입구"
"07호선","2","1","2742","740","장승배기","054040","2737","3763","내방","석남","245320","2711","2745","장암","신풍"
"07호선","2","2","2742","740","장승배기","054040","2737","3763","내방","석남","235850","2711","2745","장암","신풍"
"07호선","2","3","2742","740","장승배기","054040","2737","3763","내방","석남","235850","2711","2745","장암","신풍"
"07호선","1","3","3757","755","부천시청","054040","3763","2712","석남","도봉산","235730","3763","2752","석남","온수"
"07호선","1","2","3757","755","부천시청","054040","3763","2712","석남","도봉산","235730","3763","2752","석남","온수"
"07호선","2","3","2717","715","하계","054050","2712","3763","도봉산","석남","235120","2711","2729","장암","건대입구"
"07호선","2","2","2717","715","하계","054050","2712","3763","도봉산","석남","235120","2711","2729","장암","건대입구"
"07호선","2","1","2717","715","하계","054050","2712","3763","도봉산","석남","243750","2711","2729","장암","건대입구"
"07호선","1","1","3757","755","부천시청","054100","3763","2711","석남","장암","244300","3763","2752","석남","온수"
"07호선","2","1","2750","748","광명사거리","054110","2745","3763","신풍","석남","245520","2712","2752","도봉산","온수"
"07호선","2","2","2750","748","광명사거리","054110","2745","3763","신풍","석남","240450","2712","2752","도봉산","온수"
"07호선","2","3","2750","748","광명사거리","054110","2745","3763","신풍","석남","240450","2712","2752","도봉산","온수"
"07호선","1","1","2736","734","고속터미널","054110","2737","2711","내방","장암","244200","3763","2729","석남","건대입구"
"07호선","2","2","2724","722","사가정","054110","2719","3763","태릉입구","석남","240400","2711","2729","장암","건대입구"
"07호선","2","3","2724","722","사가정","054110","2719","3763","태릉입구","석남","240400","2711","2729","장암","건대입구"
"07호선","2","1","2724","722","사가정","054110","2719","3763","태릉입구","석남","245030","2711","2729","장암","건대입구"
"07호선","1","2","2736","734","고속터미널","054120","2737","2711","내방","장암","235700","3763","2731","석남","청담"
"07호선","1","3","2736","734","고속터미널","054120","2737","2711","내방","장암","235700","3763","2731","석남","청담"
"07호선","1","3","2713","711","수락산","054130","2719","2711","태릉입구","장암","240940","3763","2712","석남","도봉산"
"07호선","1","1","2713","711","수락산","054130","2719","2711","태릉입구","장암","245310","3763","2712","석남","도봉산"
"07호선","1","2","2713","711","수락산","054130","2719","2711","태릉입구","장암","240940","3763","2712","석남","도봉산"
"07호선","1","2","2730","728","자양","054150","2731","2711","청담","장암","235920","2752","2729","온수","건대입구"
"07호선","1","1","2730","728","자양","054150","2731","2711","청담","장암","245350","3763","2729","석남","건대입구"
"07호선","1","3","2730","728","자양","054150","2731","2711","청담","장암","235920","2752","2729","온수","건대입구"
"07호선","1","3","2747","745","남구로","054150","2752","2712","온수","도봉산","234350","3763","2737","석남","내방"
"07호선","1","2","2747","745","남구로","054150","2752","2712","온수","도봉산","234350","3763","2737","석남","내방"
"07호선","1","1","2747","745","남구로","054150","2752","2711","온수","장암","243720","3763","2737","석남","내방"
"07호선","2","3","3758","756","상동","054210","2752","3763","온수","석남","235910","2711","3763","장암","석남"
"07호선","2","2","3758","756","상동","054210","2752","3763","온수","석남","235910","2711","3763","장암","석남"
"07호선","2","1","3758","756","상동","054210","2752","3763","온수","석남","245240","2712","3763","도봉산","석남"
"07호선","1","3","2722","720","상봉","054220","2729","2711","건대입구","장암","240220","3763","2719","석남","태릉입구"
"07호선","1","1","2722","720","상봉","054220","2729","2711","건대입구","장암","245350","3763","2719","석남","태릉입구"
"07호선","1","2","2722","720","상봉","054220","2729","2711","건대입구","장암","240220","3763","2719","석남","태릉입구"
"07호선","1","3","2741","739","상도","054220","2745","2711","신풍","장암","235610","3763","2737","석남","내방"
"07호선","1","2","2741","739","상도","054220","2745","2711","신풍","장암","235610","3763","2737","석남","내방"
"07호선","1","1","2741","739","상도","054220","2745","2711","신풍","장암","244940","3763","2737","석남","내방"
"07호선","1","2","3756","754","신중동","054230","3763","2712","석남","도봉산","235920","3763","2752","석남","온수"
"07호선","1","3","3756","754","신중동","054230","3763","2712","석남","도봉산","235920","3763","2752","석남","온수"
"07호선","2","3","2725","723","용마산","054240","2719","3763","태릉입구","석남","240530","2711","2729","장암","건대입구"
"07호선","2","2","2725","723","용마산","054240","2719","3763","태릉입구","석남","240530","2711","2729","장암","건대입구"
"07호선","2","1","2725","723","용마산","054240","2719","3763","태릉입구","석남","245200","2711","2729","장암","건대입구"
"07호선","2","2","2718","716","공릉","054250","2712","3763","도봉산","석남","235320","2711","2729","장암","건대입구"
"07호선","2","3","2718","716","공릉","054250","2712","3763","도봉산","석남","235320","2711","2729","장암","건대입구"
"07호선","1","1","3756","754","신중동","054250","3763","2711","석남","장암","244450","3763","2752","석남","온수"
"07호선","2","1","2718","716","공릉","054250","2712","3763","도봉산","석남","243950","2711","2729","장암","건대입구"
"07호선","2","1","2743","741","신대방삼거리","054300","2737","3763","내방","석남","245540","2711","2745","장암","신풍"
"07호선","2","3","2743","741","신대방삼거리","054300","2737","3763","내방","석남","240110","2711","2745","장암","신풍"
"07호선","2","2","2743","741","신대방삼거리","054300","2737","3763","내방","석남","240110","2711","2745","장암","신풍"
"07호선","1","1","2735","733","반포","054300","2737","2711","내방","장암","244350","3763","2729","석남","건대입구"
"07호선","1","2","2733","731","학동","054720","2737","2711","내방","장암","240220","3763","2731","석남","청담"
"07호선","1","3","2733","731","학동","054720","2737","2711","내방","장암","240220","3763","2731","석남","청담"
"07호선","2","2","3761","759","부평구청","054730","2752","3763","온수","석남","240430","2711","3763","장암","석남"
"07호선","2","3","3761","759","부평구청","054730","2752","3763","온수","석남","240430","2711","3763","장암","석남"
"07호선","2","1","3761","759","부평구청","054730","2752","3763","온수","석남","245800","2712","3763","도봉산","석남"
"07호선","1","3","3753","751","까치울","054800","3763","2712","석남","도봉산","240500","3763","2752","석남","온수"
"07호선","1","2","3753","751","까치울","054800","3763","2712","석남","도봉산","240500","3763","2752","석남","온수"
"07호선","1","1","2732","730","강남구청","054810","2737","2711","내방","장암","244900","3763","2729","석남","건대입구"
"07호선","2","3","2728","726","어린이대공원","054820","2719","3763","태릉입구","석남","241110","2711","2729","장암","건대입구"
"07호선","2","2","2728","726","어린이대공원","054820","2719","3763","태릉입구","석남","241110","2711","2729","장암","건대입구"
"07호선","2","1","2728","726","어린이대공원","054820","2719","3763","태릉입구","석남","245740","2711","2729","장암","건대입구"
"07호선","1","1","3753","751","까치울","054830","3763","2711","석남","장암","245030","3763","2752","석남","온수"
"07호선","1","3","2738","736","이수","054900","2745","2711","신풍","장암","240250","3763","2737","석남","내방"
"07호선","1","1","2738","736","이수","054900","2745","2711","신풍","장암","245620","3763","2737","석남","내방"
"07호선","1","2","2738","736","이수","054900","2745","2711","신풍","장암","240250","3763","2737","석남","내방"
"07호선","1","2","2732","730","강남구청","054910","2737","2711","내방","장암","240400","3763","2731","석남","청담"
"07호선","1","3","2732","730","강남구청","054910","2737","2711","내방","장암","240400","3763","2731","석남","청담"
"07호선","2","3","3762","760","산곡","055000","2752","3763","온수","석남","240700","2711","3763","장암","석남"
"07호선","2","2","3762","760","산곡","055000","2752","3763","온수","석남","240700","2711","3763","장암","석남"
"07호선","2","1","3762","760","산곡","055000","2752","3763","온수","석남","250030","2712","3763","도봉산","석남"
"08호선","1","2","2810","809","암사역사공원","053030","2811","2805","암사","별내","234540","2827","2805","모란","별내"
"08호선","1","3","2810","809","암사역사공원","053030","2811","2805","암사","별내","234540","2827","2805","모란","별내"
"08호선","2","2","2821","820","복정","053110","2818","2827","가락시장","모란","234810","2805","2827","별내","모란"
"08호선","2","1","2821","820","복정","053110","2818","2827","가락시장","모란","244610","2805","2827","별내","모란"
"08호선","2","3","2821","820","복정","053110","2818","2827","가락시장","모란","234810","2805","2827","별내","모란"
"08호선","1","2","2814","813","몽촌토성","053140","2815","2805","잠실","별내","235140","2827","2811","모란","암사"
"08호선","1","1","2814","813","몽촌토성","053140","2815","2805","잠실","별내","244840","2827","2811","모란","암사"
"08호선","1","3","2814","813","몽촌토성","053140","2815","2805","잠실","별내","235140","2827","2811","모란","암사"
"08호선","1","1","2826","826","수진","053150","2827","2805","모란","별내","243720","2827","2815","모란","잠실"
"08호선","1","3","2826","826","수진","053150","2827","2805","모란","별내","234150","2827","2815","모란","잠실"
"08호선","1","2","2826","826","수진","053150","2827","2805","모란","별내","234150","2827","2815","모란","잠실"
"08호선","2","1","2805","804","별내","053200","2805","2827","별내","모란","244200","2805","2811","별내","암사"
"08호선","2","2","2805","804","별내","053200","2805","2827","별내","모란","234200","2805","2811","별내","암사"
"08호선","2","3","2805","804","별내","053200","2805","2827","별내","모란","234200","2805","2811","별내","암사"
"08호선","2","2","2812","811","천호","053210","2811","2827","암사","모란","234500","2805","2818","별내","가락시장"
"08호선","2","1","2812","811","천호","053210","2811","2827","암사","모란","244830","2805","2818","별내","가락시장"
"08호선","2","3","2812","811","천호","053210","2811","2827","암사","모란","234500","2805","2818","별내","가락시장"
"08호선","2","3","2809","808","장자호수공원","053240","2808","2827","구리","모란","235310","2805","2811","별내","암사"
"08호선","2","1","2809","808","장자호수공원","053240","2808","2827","구리","모란","245310","2805","2811","별내","암사"
"08호선","2","2","2809","808","장자호수공원","053240","2808","2827","구리","모란","235310","2805","2811","별내","암사"
"08호선","1","2","2825","825","신흥","053320","2827","2805","모란","별내","234320","2827","2815","모란","잠실"
"08호선","1","3","2825","825","신흥","053320","2827","2805","모란","별내","234320","2827","2815","모란","잠실"
"08호선","1","1","2825","825","신흥","053320","2827","2805","모란","별내","243850","2827","2815","모란","잠실"
"08호선","2","1","2828","821","남위례","053330","2818","2827","가락시장","모란","244830","2805","2827","별내","모란"
"08호선","2","2","2828","821","남위례","053330","2818","2827","가락시장","모란","235030","2805","2827","별내","모란"
"08호선","2","3","2828","821","남위례","053330","2818","2827","가락시장","모란","235030","2805","2827","별내","모란"
"08호선","2","1","2813","812","강동구청","053400","2811","2827","암사","모란","245020","2805","2818","별내","가락시장"
"08호선","2","3","2813","812","강동구청","053400","2811","2827","암사","모란","234650","2805","2818","별내","가락시장"
"08호선","2","2","2813","812","강동구청","053400","2811","2827","암사","모란","234650","2805","2818","별내","가락시장"
"08호선","1","3","2813","812","강동구청","053410","2815","2805","잠실","별내","235410","2827","2811","모란","암사"
"08호선","1","1","2813","812","강동구청","053410","2815","2805","잠실","별내","245110","2827","2811","모란","암사"
"08호선","1","2","2813","812","강동구청","053410","2815","2805","잠실","별내","235410","2827","2811","모란","암사"
"08호선","1","2","2809","808","장자호수공원","053440","2811","2805","암사","별내","234950","2827","2805","모란","별내"
"08호선","1","1","2809","808","장자호수공원","053440","2811","2805","암사","별내","244920","2827","2805","모란","별내"
"08호선","1","3","2809","808","장자호수공원","053440","2811","2805","암사","별내","234950","2827","2805","모란","별내"
"08호선","1","2","2824","824","단대오거리","053500","2827","2805","모란","별내","234500","2827","2815","모란","잠실"
"08호선","1","1","2824","824","단대오거리","053500","2827","2805","모란","별내","244030","2827","2815","모란","잠실"
"08호선","1","3","2824","824","단대오거리","053500","2827","2805","모란","별내","234500","2827","2815","모란","잠실"
"08호선","2","2","2822","822","산성","053540","2818","2827","가락시장","모란","235240","2805","2827","별내","모란"
"08호선","2","1","2822","822","산성","053540","2818","2827","가락시장","모란","245040","2805","2827","별내","모란"
"08호선","2","3","2822","822","산성","053540","2818","2827","가락시장","모란","235240","2805","2827","별내","모란"
"08호선","2","1","2806","805","다산","053540","2805","2827","별내","모란","244540","2805","2811","별내","암사"
"08호선","2","2","2806","805","다산","053540","2805","2827","별내","모란","234540","2805","2811","별내","암사"
"08호선","2","3","2806","805","다산","053540","2805","2827","별내","모란","234540","2805","2811","별내","암사"
"08호선","1","2","2812","811","천호","053610","2815","2805","잠실","별내","235610","2827","2811","모란","암사"
"08호선","1","3","2812","811","천호","053610","2815","2805","잠실","별내","235610","2827","2811","모란","암사"
"08호선","1","1","2812","811","천호","053610","2815","2805","잠실","별내","245310","2827","2811","모란","암사"
"08호선","2","2","2814","813","몽촌토성","053630","2811","2827","암사","모란","234920","2805","2818","별내","가락시장"
"08호선","2","1","2814","813","몽촌토성","053630","2811","2827","암사","모란","245250","2805","2818","별내","가락시장"
"08호선","2","3","2814","813","몽촌토성","053630","2811","2827","암사","모란","234920","2805","2818","별내","가락시장"
"08호선","1","2","2823","823","남한산성입구","053640","2827","2805","모란","별내","234640","2827","2815","모란","잠실"
"08호선","1","3","2823","823","남한산성입구","053640","2827","2805","모란","별내","234640","2827","2815","모란","잠실"
"08호선","1","1","2823","823","남한산성입구","053640","2827","2805","모란","별내","244210","2827","2815","모란","잠실"
"08호선","2","3","2810","809","암사역사공원","053650","2808","2827","구리","모란","235720","2805","2811","별내","암사"
"08호선","2","2","2810","809","암사역사공원","053650","2808","2827","구리","모란","235720","2805","2811","별내","암사"
"08호선","2","1","2810","809","암사역사공원","053650","2808","2827","구리","모란","245720","2805","2811","별내","암사"
"08호선","1","3","2818","817","가락시장","053700","2818","2805","가락시장","별내","235910","2827","2815","모란","잠실"
"08호선","1","2","2818","817","가락시장","053700","2818","2805","가락시장","별내","235910","2827","2815","모란","잠실"
"08호선","1","1","2818","817","가락시장","053700","2818","2805","가락시장","별내","245440","2827","2815","모란","잠실"
"08호선","1","2","2808","807","구리","053730","2811","2805","암사","별내","235240","2827","2805","모란","별내"
"08호선","1","3","2808","807","구리","053730","2811","2805","암사","별내","235240","2827","2805","모란","별내"
"08호선","1","1","2808","807","구리","053730","2811","2805","암사","별내","245210","2827","2805","모란","별내"
"08호선","2","2","2823","823","남한산성입구","053820","2818","2827","가락시장","모란","235520","2805","2827","별내","모란"
"08호선","2","1","2823","823","남한산성입구","053820","2818","2827","가락시장","모란","245320","2805","2827","별내","모란"
"08호선","2","3","2823","823","남한산성입구","053820","2818","2827","가락시장","모란","235520","2805","2827","별내","모란"
"08호선","2","2","2815","814","잠실","053820","2811","2827","암사","모란","235110","2805","2818","별내","가락시장"
"08호선","2","1","2815","814","잠실","053820","2811","2827","암사","모란","245440","2805","2818","별내","가락시장"
"08호선","2","3","2815","814","잠실","053820","2811","2827","암사","모란","235110","2805","2818","별내","가락시장"
"08호선","2","2","2807","806","동구릉","053830","2805","2827","별내","모란","234830","2805","2811","별내","암사"
"08호선","2","1","2807","806","동구릉","053830","2805","2827","별내","모란","244830","2805","2811","별내","암사"
"08호선","2","3","2807","806","동구릉","053830","2805","2827","별내","모란","234830","2805","2811","별내","암사"
"08호선","1","3","2817","816","송파","053840","2818","2805","가락시장","별내","240050","2827","2815","모란","잠실"
"08호선","1","2","2817","816","송파","053840","2818","2805","가락시장","별내","240050","2827","2815","모란","잠실"
"08호선","1","1","2817","816","송파","053840","2818","2805","가락시장","별내","245620","2827","2815","모란","잠실"
"08호선","1","3","2807","806","동구릉","053920","2811","2805","암사","별내","235430","2827","2805","모란","별내"
"08호선","1","2","2807","806","동구릉","053920","2811","2805","암사","별내","235430","2827","2805","모란","별내"
"08호선","1","1","2807","806","동구릉","053920","2811","2805","암사","별내","245400","2827","2805","모란","별내"
"08호선","1","3","2822","822","산성","053920","2827","2805","모란","별내","234920","2827","2815","모란","잠실"
"08호선","1","2","2822","822","산성","053920","2827","2805","모란","별내","234920","2827","2815","모란","잠실"
"08호선","1","1","2822","822","산성","053920","2827","2805","모란","별내","244450","2827","2815","모란","잠실"
"08호선","2","2","2824","824","단대오거리","054000","2818","2827","가락시장","모란","235700","2805","2827","별내","모란"
"08호선","1","2","2819","818","문정","054720","2827","2805","모란","별내","235720","2827","2815","모란","잠실"
"08호선","1","3","2819","818","문정","054720","2827","2805","모란","별내","235720","2827","2815","모란","잠실"
"08호선","1","1","2819","818","문정","054720","2827","2805","모란","별내","245250","2827","2815","모란","잠실"
"09호선","1","3","4101","901","개화","053000","4101","4138","개화","중앙보훈병원","234200","4101","4107","개화","가양"
"09호선","1","2","4101","901","개화","053000","4101","4138","개화","중앙보훈병원","234200","4101","4107","개화","가양"
"09호선","1","1","4101","901","개화","053000","4101","4138","개화","중앙보훈병원","244300","4101","4107","개화","가양"
"09호선","1","2","4113","913","당산","053000","4113","4138","당산","중앙보훈병원","234340","4101","4120","개화","동작"
"09호선","1","3","4113","913","당산","053000","4113","4138","당산","중앙보훈병원","234340","4101","4120","개화","동작"
"09호선","1","1","4113","913","당산","053000","4113","4138","당산","중앙보훈병원","244605","4101","4120","개화","동작"
"09호선","1","2","4102","902","김포공항","053000","4102","4138","김포공항","중앙보훈병원","234710","4101","4107","개화","가양"
"09호선","1","1","4102","902","김포공항","053000","4102","4138","김포공항","중앙보훈병원","244810","4101","4107","개화","가양"
"09호선","1","3","4102","902","김포공항","053000","4102","4138","김포공항","중앙보훈병원","234710","4101","4107","개화","가양"
"09호선","2","3","4107","907","가양","053030","4107","4101","가양","개화","235745","4138","4102","중앙보훈병원","김포공항"
"09호선","2","2","4107","907","가양","053030","4107","4101","가양","개화","235745","4138","4102","중앙보훈병원","김포공항"
"09호선","2","2","4113","913","당산","053100","4113","4101","당산","개화","235305","4138","4110","중앙보훈병원","염창"
"09호선","2","3","4113","913","당산","053100","4113","4101","당산","개화","235305","4138","4110","중앙보훈병원","염창"
"09호선","1","3","4105","905","마곡나루","053110","4105","4138","마곡나루","중앙보훈병원","235330","4101","4107","개화","가양"
"09호선","1","2","4105","905","마곡나루","053110","4105","4138","마곡나루","중앙보훈병원","235330","4101","4107","개화","가양"
"09호선","1","2","4120","920","동작","053130","4120","4138","동작","중앙보훈병원","234545","4101","4125","개화","신논현"
"09호선","1","3","4120","920","동작","053130","4120","4138","동작","중앙보훈병원","234545","4101","4125","개화","신논현"
"09호선","1","2","4126","926","언주","053150","4125","4138","신논현","중앙보훈병원","233850","4101","4138","개화","중앙보훈병원"
"09호선","1","3","4126","926","언주","053150","4125","4138","신논현","중앙보훈병원","233850","4101","4138","개화","중앙보훈병원"
"09호선","1","1","4132","932","석촌고분","053155","4131","4138","삼전","중앙보훈병원","244940","4101","4138","개화","중앙보훈병원"
"09호선","1","1","4126","926","언주","053155","4125","4138","신논현","중앙보훈병원","244835","4101","4131","개화","삼전"
"09호선","1","2","4116","916","샛강","053155","4115","4138","여의도","중앙보훈병원","235020","4101","4120","개화","동작"
"09호선","1","3","4116","916","샛강","053155","4115","4138","여의도","중앙보훈병원","235020","4101","4120","개화","동작"
"09호선","2","2","4125","925","신논현","053200","4125","4101","신논현","개화","240000","4138","4125","중앙보훈병원","신논현"
"09호선","2","3","4125","925","신논현","053200","4125","4101","신논현","개화","240000","4138","4125","중앙보훈병원","신논현"
"09호선","1","1","4116","916","샛강","053200","4115","4138","여의도","중앙보훈병원","245240","4101","4120","개화","동작"
"09호선","1","2","4110","910","염창","053200","4110","4138","염창","중앙보훈병원","235055","4101","4113","개화","당산"
"09호선","1","3","4110","910","염창","053200","4110","4138","염창","중앙보훈병원","235055","4101","4113","개화","당산"
"09호선","1","3","4132","932","석촌고분","053205","4131","4138","삼전","중앙보훈병원","235230","4101","4138","개화","중앙보훈병원"
"09호선","1","2","4132","932","석촌고분","053205","4131","4138","삼전","중앙보훈병원","235230","4101","4138","개화","중앙보훈병원"
"09호선","2","1","4112","912","선유도","053215","4113","4101","당산","개화","245840","4138","4110","중앙보훈병원","염창"
"09호선","2","3","4119","919","흑석","053215","4120","4101","동작","개화","235040","4138","4115","중앙보훈병원","여의도"
"09호선","2","2","4119","919","흑석","053215","4120","4101","동작","개화","235040","4138","4115","중앙보훈병원","여의도"
"09호선","2","1","4124","924","사평","053215","4125","4101","신논현","개화","245130","4138","4120","중앙보훈병원","동작"
"09호선","1","1","4111","911","신목동","053215","4110","4138","염창","중앙보훈병원","245435","4101","4113","개화","당산"
"09호선","1","1","4121","921","구반포","053220","4120","4138","동작","중앙보훈병원","245100","4101","4125","개화","신논현"
"09호선","2","1","4106","906","양천향교","053230","4107","4101","가양","개화","250200","4138","4105","중앙보훈병원","마곡나루"
"09호선","2","1","4119","919","흑석","053230","4120","4101","동작","개화","245215","4138","4115","중앙보훈병원","여의도"
"09호선","2","1","4130","930","종합운동장","053245","4131","4101","삼전","개화","245140","4138","4125","중앙보훈병원","신논현"
"09호선","2","3","4137","937","둔촌오륜","053250","4138","4101","중앙보훈병원","개화","234910","4138","4131","중앙보훈병원","삼전"
"09호선","2","1","4137","937","둔촌오륜","053250","4138","4101","중앙보훈병원","개화","244750","4138","4131","중앙보훈병원","삼전"
"09호선","2","2","4137","937","둔촌오륜","053250","4138","4101","중앙보훈병원","개화","234910","4138","4131","중앙보훈병원","삼전"
"09호선","2","2","4106","906","양천향교","053300","4107","4101","가양","개화","235355","4138","4101","중앙보훈병원","개화"
"09호선","2","3","4106","906","양천향교","053300","4107","4101","가양","개화","235355","4138","4101","중앙보훈병원","개화"
"09호선","2","3","4131","931","삼전","053300","4131","4101","삼전","개화","235155","4138","4120","중앙보훈병원","동작"
"09호선","2","2","4131","931","삼전","053300","4131","4101","삼전","개화","235155","4138","4120","중앙보훈병원","동작"
"09호선","2","3","4112","912","선유도","053310","4113","4101","당산","개화","235530","4138","4110","중앙보훈병원","염창"
"09호선","2","2","4112","912","선유도","053310","4113","4101","당산","개화","235530","4138","4110","중앙보훈병원","염창"
"09호선","1","1","4106","906","양천향교","053310","4105","4138","마곡나루","중앙보훈병원","245650","4101","4107","개화","가양"
"09호선","1","3","4121","921","구반포","053320","4120","4138","동작","중앙보훈병원","234750","4101","4125","개화","신논현"
"09호선","1","2","4121","921","구반포","053320","4120","4138","동작","중앙보훈병원","234750","4101","4125","개화","신논현"
"09호선","1","2","4106","906","양천향교","053330","4105","4138","마곡나루","중앙보훈병원","235605","4101","4107","개화","가양"
"09호선","1","3","4106","906","양천향교","053330","4105","4138","마곡나루","중앙보훈병원","235605","4101","4107","개화","가양"
"09호선","1","2","4127","927","선정릉","053340","4125","4138","신논현","중앙보훈병원","234040","4101","4138","개화","중앙보훈병원"
"09호선","1","3","4127","927","선정릉","053340","4125","4138","신논현","중앙보훈병원","234040","4101","4138","개화","중앙보훈병원"
"09호선","1","1","4133","933","석촌","053350","4131","4138","삼전","중앙보훈병원","245135","4101","4138","개화","중앙보훈병원"
"09호선","1","1","4127","927","선정릉","053350","4125","4138","신논현","중앙보훈병원","245030","4101","4131","개화","삼전"
"09호선","1","3","4111","911","신목동","053350","4110","4138","염창","중앙보훈병원","235300","4101","4113","개화","당산"
"09호선","1","2","4111","911","신목동","053350","4110","4138","염창","중앙보훈병원","235300","4101","4113","개화","당산"
"09호선","2","2","4124","924","사평","053355","4125","4101","신논현","개화","234500","4138","4120","중앙보훈병원","동작"
"09호선","2","3","4124","924","사평","053355","4125","4101","신논현","개화","234500","4138","4120","중앙보훈병원","동작"
"09호선","2","2","4118","918","노들","053405","4120","4101","동작","개화","235255","4138","4115","중앙보훈병원","여의도"
"09호선","2","3","4118","918","노들","053405","4120","4101","동작","개화","235255","4138","4115","중앙보훈병원","여의도"
"09호선","1","3","4133","933","석촌","053410","4131","4138","삼전","중앙보훈병원","235435","4101","4138","개화","중앙보훈병원"
"09호선","1","2","4133","933","석촌","053410","4131","4138","삼전","중앙보훈병원","235435","4101","4138","개화","중앙보훈병원"
"09호선","1","3","4117","917","노량진","053410","4115","4138","여의도","중앙보훈병원","235250","4101","4120","개화","동작"
"09호선","1","2","4117","917","노량진","053410","4115","4138","여의도","중앙보훈병원","235250","4101","4120","개화","동작"
"09호선","1","1","4117","917","노량진","053420","4115","4138","여의도","중앙보훈병원","245500","4101","4120","개화","동작"
"09호선","1","1","4122","922","신반포","053425","4120","4138","동작","중앙보훈병원","245250","4101","4125","개화","신논현"
"09호선","2","1","4118","918","노들","053430","4120","4101","동작","개화","245420","4138","4115","중앙보훈병원","여의도"
"09호선","2","1","4123","923","고속터미널","053430","4125","4101","신논현","개화","245345","4138","4120","중앙보훈병원","동작"
"09호선","2","1","4111","911","신목동","053435","4113","4101","당산","개화","250100","4138","4110","중앙보훈병원","염창"
"09호선","1","1","4112","912","선유도","053450","4110","4138","염창","중앙보훈병원","245655","4101","4113","개화","당산"
"09호선","1","2","4122","922","신반포","053500","4120","4138","동작","중앙보훈병원","234945","4101","4125","개화","신논현"
"09호선","1","3","4122","922","신반포","053500","4120","4138","동작","중앙보훈병원","234945","4101","4125","개화","신논현"
"09호선","2","3","4136","936","올림픽공원","053500","4138","4101","중앙보훈병원","개화","235140","4138","4131","중앙보훈병원","삼전"
"09호선","2","1","4136","936","올림픽공원","053500","4138","4101","중앙보훈병원","개화","245000","4138","4131","중앙보훈병원","삼전"
"09호선","2","2","4136","936","올림픽공원","053500","4138","4101","중앙보훈병원","개화","235140","4138","4131","중앙보훈병원","삼전"
"09호선","2","1","4129","929","봉은사","053505","4131","4101","삼전","개화","245400","4138","4125","중앙보훈병원","신논현"
"09호선","2","3","4128","928","삼성중앙","053945","4131","4101","삼전","개화","235620","4138","4125","중앙보훈병원","신논현"
"09호선","2","2","4103","903","공항시장","054000","4107","4101","가양","개화","240115","4138","4101","중앙보훈병원","개화"
"09호선","2","3","4103","903","공항시장","054000","4107","4101","가양","개화","240115","4138","4101","중앙보훈병원","개화"
"09호선","2","3","4115","915","여의도","054005","4120","4101","동작","개화","234825","4138","4110","중앙보훈병원","염창"
"09호선","2","2","4115","915","여의도","054005","4120","4101","동작","개화","234825","4138","4110","중앙보훈병원","염창"
"09호선","1","1","4114","914","국회의사당","054005","4110","4138","염창","중앙보훈병원","244830","4101","4120","개화","동작"
"09호선","1","1","4136","936","올림픽공원","054015","4131","4138","삼전","중앙보훈병원","245800","4101","4138","개화","중앙보훈병원"
"09호선","1","1","4108","908","증미","054020","4105","4138","마곡나루","중앙보훈병원","244825","4101","4113","개화","당산"
"09호선","1","2","4130","930","종합운동장","054030","4125","4138","신논현","중앙보훈병원","234730","4101","4138","개화","중앙보훈병원"
"09호선","1","3","4130","930","종합운동장","054030","4125","4138","신논현","중앙보훈병원","234730","4101","4138","개화","중앙보훈병원"
"09호선","1","1","4130","930","종합운동장","054035","4125","4138","신논현","중앙보훈병원","245715","4101","4131","개화","삼전"
"09호선","1","3","4114","914","국회의사당","054035","4110","4138","염창","중앙보훈병원","234605","4101","4120","개화","동작"
"09호선","1","2","4114","914","국회의사당","054035","4110","4138","염창","중앙보훈병원","234605","4101","4120","개화","동작"
"09호선","2","1","4115","915","여의도","054045","4120","4101","동작","개화","245155","4138","4110","중앙보훈병원","염창"
"09호선","2","1","4108","908","증미","054050","4113","4101","당산","개화","245520","4138","4105","중앙보훈병원","마곡나루"
"09호선","2","1","4126","926","언주","054055","4131","4101","삼전","개화","245950","4138","4125","중앙보훈병원","신논현"
"09호선","1","3","4136","936","올림픽공원","054110","4131","4138","삼전","중앙보훈병원","240135","4101","4138","개화","중앙보훈병원"
"09호선","1","2","4136","936","올림픽공원","054110","4131","4138","삼전","중앙보훈병원","240135","4101","4138","개화","중앙보훈병원"
"09호선","1","2","4109","909","등촌","054115","4105","4138","마곡나루","중앙보훈병원","234840","4101","4113","개화","당산"
"09호선","1","3","4109","909","등촌","054115","4105","4138","마곡나루","중앙보훈병원","234840","4101","4113","개화","당산"
"09호선","2","1","4102","902","김포공항","054125","4107","4101","가양","개화","250055","4138","4101","중앙보훈병원","개화"
"09호선","2","3","4133","933","석촌","054125","4138","4101","중앙보훈병원","개화","235905","4138","4131","중앙보훈병원","삼전"
"09호선","2","2","4133","933","석촌","054125","4138","4101","중앙보훈병원","개화","235905","4138","4131","중앙보훈병원","삼전"
"09호선","2","1","4133","933","석촌","054125","4138","4101","중앙보훈병원","개화","245625","4138","4131","중앙보훈병원","삼전"
"09호선","2","2","4127","927","선정릉","054135","4131","4101","삼전","개화","235830","4138","4125","중앙보훈병원","신논현"
"09호선","2","3","4127","927","선정릉","054135","4131","4101","삼전","개화","235830","4138","4125","중앙보훈병원","신논현"
"09호선","2","3","4114","914","국회의사당","054150","4120","4101","동작","개화","235025","4138","4110","중앙보훈병원","염창"
"09호선","2","2","4114","914","국회의사당","054150","4120","4101","동작","개화","235025","4138","4110","중앙보훈병원","염창"
"09호선","2","2","4108","908","증미","054155","4113","4101","당산","개화","234840","4138","4101","중앙보훈병원","개화"
"09호선","2","3","4108","908","증미","054155","4113","4101","당산","개화","234840","4138","4101","중앙보훈병원","개화"
"09호선","2","3","4102","902","김포공항","054200","4107","4101","가양","개화","240315","4138","4101","중앙보훈병원","개화"
"09호선","2","2","4102","902","김포공항","054200","4107","4101","가양","개화","240315","4138","4101","중앙보훈병원","개화"
"09호선","1","1","4137","937","둔촌오륜","054220","4131","4138","삼전","중앙보훈병원","250005","4101","4138","개화","중앙보훈병원"
"09호선","1","1","4109","909","등촌","054220","4105","4138","마곡나루","중앙보훈병원","245025","4101","4113","개화","당산"
"09호선","2","1","4114","914","국회의사당","054235","4120","4101","동작","개화","245350","4138","4110","중앙보훈병원","염창"
"09호선","2","3","4126","926","언주","054310","4131","4101","삼전","개화","240025","4138","4125","중앙보훈병원","신논현"
"09호선","2","2","4126","926","언주","054310","4131","4101","삼전","개화","240025","4138","4125","중앙보훈병원","신논현"
"09호선","2","3","4132","932","석촌고분","054315","4138","4101","중앙보훈병원","개화","240115","4138","4131","중앙보훈병원","삼전"
"09호선","2","2","4132","932","석촌고분","054315","4138","4101","중앙보훈병원","개화","240115","4138","4131","중앙보훈병원","삼전"
"09호선","2","1","4132","932","석촌고분","054315","4138","4101","중앙보훈병원","개화","245815","4138","4131","중앙보훈병원","삼전"
"09호선","1","2","4137","937","둔촌오륜","054325","4131","4138","삼전","중앙보훈병원","240350","4101","4138","개화","중앙보훈병원"
"09호선","1","3","4137","937","둔촌오륜","054325","4131","4138","삼전","중앙보훈병원","240350","4101","4138","개화","중앙보훈병원"
"07호선","1","2","2726","724","중곡","053540","2729","2711","건대입구","장암","235540","3763","2719","석남","태릉입구"
"07호선","1","1","2726","724","중곡","053540","2729","2711","건대입구","장암","244710","3763","2719","석남","태릉입구"
"07호선","1","1","3760","758","굴포천","053550","3763","2711","석남","장암","243750","3763","2752","석남","온수"
"07호선","2","2","2748","746","가산디지털단지","053620","2745","3763","신풍","석남","240000","2712","2752","도봉산","온수"
"07호선","2","3","2748","746","가산디지털단지","053620","2745","3763","신풍","석남","240000","2712","2752","도봉산","온수"
"07호선","2","1","2748","746","가산디지털단지","053620","2745","3763","신풍","석남","245030","2712","2752","도봉산","온수"
"07호선","1","1","2744","742","보라매","053620","2745","2711","신풍","장암","244340","3763","2737","석남","내방"
"07호선","1","3","2744","742","보라매","053620","2745","2711","신풍","장암","235010","3763","2737","석남","내방"
"07호선","1","2","2744","742","보라매","053620","2745","2711","신풍","장암","235010","3763","2737","석남","내방"
"07호선","2","2","2734","732","논현","053630","2731","3763","청담","석남","235330","2712","2737","도봉산","내방"
"07호선","2","1","2734","732","논현","053630","2731","3763","청담","석남","243600","2711","2745","장암","신풍"
"07호선","2","3","2734","732","논현","053630","2731","3763","청담","석남","235330","2712","2737","도봉산","내방"
"07호선","2","2","3755","753","춘의","053650","2752","3763","온수","석남","235350","2711","3763","장암","석남"
"07호선","2","3","3755","753","춘의","053650","2752","3763","온수","석남","235350","2711","3763","장암","석남"
"07호선","2","1","3755","753","춘의","053650","2752","3763","온수","석남","244720","2712","3763","도봉산","석남"
"07호선","1","2","2715","713","노원","053700","2719","2711","태릉입구","장암","240510","3763","2712","석남","도봉산"
"07호선","1","3","2715","713","노원","053700","2719","2711","태릉입구","장암","240510","3763","2712","석남","도봉산"
"07호선","1","1","2715","713","노원","053700","2719","2711","태릉입구","장암","244840","3763","2712","석남","도봉산"
"07호선","2","1","2740","738","숭실대입구","053700","2737","3763","내방","석남","244940","2711","2745","장암","신풍"
"07호선","2","3","2740","738","숭실대입구","053700","2737","3763","내방","석남","235510","2711","2745","장암","신풍"
"07호선","2","2","2740","738","숭실대입구","053700","2737","3763","내방","석남","235510","2711","2745","장암","신풍"
"07호선","1","3","3759","757","삼산체육관","053710","3763","2712","석남","도봉산","235400","3763","2752","석남","온수"
"07호선","1","2","3759","757","삼산체육관","053710","3763","2712","석남","도봉산","235400","3763","2752","석남","온수"
"07호선","1","1","2725","723","용마산","053720","2729","2711","건대입구","장암","244850","3763","2719","석남","태릉입구"
"07호선","1","3","2725","723","용마산","053720","2729","2711","건대입구","장암","235720","3763","2719","석남","태릉입구"
"07호선","1","2","2725","723","용마산","053720","2729","2711","건대입구","장암","235720","3763","2719","석남","태릉입구"
"07호선","2","3","2715","713","노원","053720","2712","3763","도봉산","석남","234750","2711","2729","장암","건대입구"
"07호선","2","2","2715","713","노원","053720","2712","3763","도봉산","석남","234750","2711","2729","장암","건대입구"
"07호선","2","1","2715","713","노원","053720","2712","3763","도봉산","석남","243420","2711","2729","장암","건대입구"
"07호선","1","1","2749","747","철산","053730","2752","2711","온수","장암","243300","3763","2737","석남","내방"
"07호선","1","2","2749","747","철산","053730","2752","2712","온수","도봉산","233930","3763","2737","석남","내방"
"07호선","1","3","2749","747","철산","053730","2752","2712","온수","도봉산","233930","3763","2737","석남","내방"
"07호선","1","1","3759","757","삼산체육관","053730","3763","2711","석남","장암","243930","3763","2752","석남","온수"
"07호선","2","3","2722","720","상봉","053750","2719","3763","태릉입구","석남","240040","2711","2729","장암","건대입구"
"07호선","2","2","2722","720","상봉","053750","2719","3763","태릉입구","석남","240040","2711","2729","장암","건대입구"
"07호선","2","1","2722","720","상봉","053750","2719","3763","태릉입구","석남","244710","2711","2729","장암","건대입구"
"07호선","1","3","2737","735","내방","053800","2737","2711","내방","장암","235350","3763","2731","석남","청담"
"07호선","1","1","2737","735","내방","053800","2737","2711","내방","장암","243850","3763","2729","석남","건대입구"
"07호선","1","2","2737","735","내방","053800","2737","2711","내방","장암","235350","3763","2731","석남","청담"
"07호선","2","1","2735","733","반포","053800","2731","3763","청담","석남","243730","2711","2745","장암","신풍"
"07호선","2","2","2735","733","반포","053800","2731","3763","청담","석남","235500","2712","2737","도봉산","내방"
"07호선","2","3","2735","733","반포","053800","2731","3763","청담","석남","235500","2712","2737","도봉산","내방"
"07호선","1","3","2743","741","신대방삼거리","053800","2745","2711","신풍","장암","235150","3763","2737","석남","내방"
"07호선","1","1","2743","741","신대방삼거리","053800","2745","2711","신풍","장암","244520","3763","2737","석남","내방"
"07호선","1","2","2743","741","신대방삼거리","053800","2745","2711","신풍","장암","235150","3763","2737","석남","내방"
"07호선","2","3","2729","727","건대입구","053800","2729","3763","건대입구","석남","235610","2711","2731","장암","청담"
"07호선","2","2","2729","727","건대입구","053800","2729","3763","건대입구","석남","235610","2711","2731","장암","청담"
"07호선","2","1","2729","727","건대입구","053800","2729","3763","건대입구","석남","244140","2711","2731","장암","청담"
"07호선","2","1","3756","754","신중동","053840","2752","3763","온수","석남","244910","2712","3763","도봉산","석남"
"07호선","2","2","3756","754","신중동","053840","2752","3763","온수","석남","235540","2711","3763","장암","석남"
"07호선","2","3","3756","754","신중동","053840","2752","3763","온수","석남","235540","2711","3763","장암","석남"
"07호선","2","1","2741","739","상도","053840","2737","3763","내방","석남","245120","2711","2745","장암","신풍"
"07호선","2","3","2741","739","상도","053840","2737","3763","내방","석남","235650","2711","2745","장암","신풍"
"07호선","2","2","2741","739","상도","053840","2737","3763","내방","석남","235650","2711","2745","장암","신풍"
"07호선","2","3","2749","747","철산","053850","2745","3763","신풍","석남","240230","2712","2752","도봉산","온수"
"07호선","2","2","2749","747","철산","053850","2745","3763","신풍","석남","240230","2712","2752","도봉산","온수"
"07호선","2","1","2749","747","철산","053850","2745","3763","신풍","석남","245300","2712","2752","도봉산","온수"
"07호선","1","3","2714","712","마들","053900","2719","2711","태릉입구","장암","240710","3763","2712","석남","도봉산"
"07호선","1","2","2714","712","마들","053900","2719","2711","태릉입구","장암","240710","3763","2712","석남","도봉산"
"07호선","1","1","2714","712","마들","053900","2719","2711","태릉입구","장암","245040","3763","2712","석남","도봉산"
"07호선","1","3","2724","722","사가정","053900","2729","2711","건대입구","장암","235900","3763","2719","석남","태릉입구"
"07호선","1","2","2724","722","사가정","053900","2729","2711","건대입구","장암","235900","3763","2719","석남","태릉입구"
"07호선","1","1","2724","722","사가정","053900","2729","2711","건대입구","장암","245030","3763","2719","석남","태릉입구"
"07호선","1","2","2731","729","청담","053900","2731","2711","청담","장암","235630","2752","2729","온수","건대입구"
"07호선","1","1","2731","729","청담","053900","2731","2711","청담","장암","245100","3763","2729","석남","건대입구"
"07호선","1","3","2731","729","청담","053900","2731","2711","청담","장암","235630","2752","2729","온수","건대입구"
"07호선","1","3","3758","756","상동","053900","3763","2712","석남","도봉산","235550","3763","2752","석남","온수"
"07호선","1","2","3758","756","상동","053900","3763","2712","석남","도봉산","235550","3763","2752","석남","온수"
"07호선","2","2","2716","714","중계","053910","2712","3763","도봉산","석남","234940","2711","2729","장암","건대입구"
"07호선","2","3","2716","714","중계","053910","2712","3763","도봉산","석남","234940","2711","2729","장암","건대입구"
"07호선","2","1","2716","714","중계","053910","2712","3763","도봉산","석남","243610","2711","2729","장암","건대입구"
"07호선","1","1","3758","756","상동","053920","3763","2711","석남","장암","244120","3763","2752","석남","온수"
"07호선","2","1","2751","749","천왕","054330","2745","3763","신풍","석남","245740","2712","2752","도봉산","온수"
"07호선","2","3","2751","749","천왕","054330","2745","3763","신풍","석남","240710","2712","2752","도봉산","온수"
"07호선","2","2","2751","749","천왕","054330","2745","3763","신풍","석남","240710","2712","2752","도봉산","온수"
"07호선","1","3","2735","733","반포","054330","2737","2711","내방","장암","235850","3763","2731","석남","청담"
"07호선","1","2","2735","733","반포","054330","2737","2711","내방","장암","235850","3763","2731","석남","청담"
"07호선","1","2","2746","744","대림","054350","2752","2712","온수","도봉산","234550","3763","2737","석남","내방"
"07호선","1","3","2746","744","대림","054350","2752","2712","온수","도봉산","234550","3763","2737","석남","내방"
"07호선","1","1","2746","744","대림","054350","2752","2711","온수","장암","243920","3763","2737","석남","내방"
"07호선","2","3","3759","757","삼산체육관","054400","2752","3763","온수","석남","240100","2711","3763","장암","석남"
"07호선","2","2","3759","757","삼산체육관","054400","2752","3763","온수","석남","240100","2711","3763","장암","석남"
"07호선","2","1","3759","757","삼산체육관","054400","2752","3763","온수","석남","245430","2712","3763","도봉산","석남"
"07호선","1","3","2740","738","숭실대입구","054400","2745","2711","신풍","장암","235750","3763","2737","석남","내방"
"07호선","1","1","2740","738","숭실대입구","054400","2745","2711","신풍","장암","245120","3763","2737","석남","내방"
"07호선","1","2","2740","738","숭실대입구","054400","2745","2711","신풍","장암","235750","3763","2737","석남","내방"
"07호선","1","1","2712","710","도봉산","054420","2719","2711","태릉입구","장암","242600","3763","2711","석남","장암"
"07호선","1","2","2712","710","도봉산","054420","2719","2711","태릉입구","장암","235300","2752","2711","온수","장암"
"07호선","1","3","2712","710","도봉산","054420","2719","2711","태릉입구","장암","235300","2752","2711","온수","장암"
"07호선","1","3","3755","753","춘의","054420","3763","2712","석남","도봉산","240110","3763","2752","석남","온수"
"07호선","1","2","3755","753","춘의","054420","3763","2712","석남","도봉산","240110","3763","2752","석남","온수"
"07호선","2","2","2726","724","중곡","054430","2719","3763","태릉입구","석남","240720","2711","2729","장암","건대입구"
"07호선","2","3","2726","724","중곡","054430","2719","3763","태릉입구","석남","240720","2711","2729","장암","건대입구"
"07호선","2","1","2726","724","중곡","054430","2719","3763","태릉입구","석남","245350","2711","2729","장암","건대입구"
"07호선","1","1","2721","719","중화","054440","2729","2711","건대입구","장암","245610","3763","2719","석남","태릉입구"
"07호선","1","2","2721","719","중화","054440","2729","2711","건대입구","장암","240440","3763","2719","석남","태릉입구"
"07호선","1","3","2721","719","중화","054440","2729","2711","건대입구","장암","240440","3763","2719","석남","태릉입구"
"07호선","2","1","2744","742","보라매","054440","2737","3763","내방","석남","245720","2711","2745","장암","신풍"
"07호선","2","3","2744","742","보라매","054440","2737","3763","내방","석남","240250","2711","2745","장암","신풍"
"07호선","2","2","2744","742","보라매","054440","2737","3763","내방","석남","240250","2711","2745","장암","신풍"
"07호선","1","1","2734","732","논현","054440","2737","2711","내방","장암","244530","3763","2729","석남","건대입구"
"07호선","1","1","3755","753","춘의","054440","3763","2711","석남","장암","244640","3763","2752","석남","온수"
"07호선","1","2","2734","732","논현","054520","2737","2711","내방","장암","240030","3763","2731","석남","청담"
"07호선","1","3","2734","732","논현","054520","2737","2711","내방","장암","240030","3763","2731","석남","청담"
"07호선","2","1","3760","758","굴포천","054540","2752","3763","온수","석남","245610","2712","3763","도봉산","석남"
"07호선","2","2","3760","758","굴포천","054540","2752","3763","온수","석남","240240","2711","3763","장암","석남"
"07호선","2","3","3760","758","굴포천","054540","2752","3763","온수","석남","240240","2711","3763","장암","석남"
"07호선","1","3","3754","752","부천종합운동장","054610","3763","2712","석남","도봉산","240300","3763","2752","석남","온수"
"07호선","1","2","3754","752","부천종합운동장","054610","3763","2712","석남","도봉산","240300","3763","2752","석남","온수"
"07호선","1","1","2720","718","먹골","054630","2729","2711","건대입구","장암","245800","3763","2719","석남","태릉입구"
"07호선","1","2","2720","718","먹골","054630","2729","2711","건대입구","장암","240630","3763","2719","석남","태릉입구"
"07호선","1","3","2720","718","먹골","054630","2729","2711","건대입구","장암","240630","3763","2719","석남","태릉입구"
"07호선","1","1","2733","731","학동","054630","2737","2711","내방","장암","244720","3763","2729","석남","건대입구"
"07호선","2","3","2727","725","군자","054630","2719","3763","태릉입구","석남","240920","2711","2729","장암","건대입구"
"07호선","2","2","2727","725","군자","054630","2719","3763","태릉입구","석남","240920","2711","2729","장암","건대입구"
"07호선","2","1","2727","725","군자","054630","2719","3763","태릉입구","석남","245550","2711","2729","장암","건대입구"
"07호선","1","1","3754","752","부천종합운동장","054630","3763","2711","석남","장암","244830","3763","2752","석남","온수"
"07호선","1","2","2739","737","남성","054700","2745","2711","신풍","장암","240050","3763","2737","석남","내방"
"07호선","1","1","2739","737","남성","054700","2745","2711","신풍","장암","245420","3763","2737","석남","내방"
"07호선","1","3","2739","737","남성","054700","2745","2711","신풍","장암","240050","3763","2737","석남","내방"
"08호선","2","2","2818","817","가락시장","052600","2818","2827","가락시장","모란","234300","2805","2827","별내","모란"
"08호선","2","1","2818","817","가락시장","052600","2818","2827","가락시장","모란","244100","2805","2827","별내","모란"
"08호선","2","3","2818","817","가락시장","052600","2818","2827","가락시장","모란","234300","2805","2827","별내","모란"
"08호선","2","2","2819","818","문정","052750","2818","2827","가락시장","모란","234450","2805","2827","별내","모란"
"08호선","2","1","2819","818","문정","052750","2818","2827","가락시장","모란","244250","2805","2827","별내","모란"
"08호선","2","3","2819","818","문정","052750","2818","2827","가락시장","모란","234450","2805","2827","별내","모란"
"08호선","1","1","2811","810","암사","052800","2811","2805","암사","별내","244240","2827","2805","모란","별내"
"08호선","1","2","2811","810","암사","052800","2811","2805","암사","별내","234310","2827","2805","모란","별내"
"08호선","1","3","2811","810","암사","052800","2811","2805","암사","별내","234310","2827","2805","모란","별내"
"08호선","2","1","2820","819","장지","052930","2818","2827","가락시장","모란","244430","2805","2827","별내","모란"
"08호선","2","2","2820","819","장지","052930","2818","2827","가락시장","모란","234630","2805","2827","별내","모란"
"08호선","2","3","2820","819","장지","052930","2818","2827","가락시장","모란","234630","2805","2827","별내","모란"
"08호선","2","2","2811","810","암사","053000","2811","2827","암사","모란","234250","2805","2818","별내","가락시장"
"08호선","2","1","2811","810","암사","053000","2811","2827","암사","모란","244620","2805","2818","별내","가락시장"
"08호선","2","3","2811","810","암사","053000","2811","2827","암사","모란","234250","2805","2818","별내","가락시장"
"08호선","1","2","2815","814","잠실","053000","2815","2805","잠실","별내","235000","2827","2811","모란","암사"
"08호선","1","3","2815","814","잠실","053000","2815","2805","잠실","별내","235000","2827","2811","모란","암사"
"08호선","1","1","2815","814","잠실","053000","2815","2805","잠실","별내","244700","2827","2811","모란","암사"
"08호선","2","3","2808","807","구리","053000","2808","2827","구리","모란","235030","2805","2811","별내","암사"
"08호선","2","1","2808","807","구리","053000","2808","2827","구리","모란","245030","2805","2811","별내","암사"
"08호선","2","2","2808","807","구리","053000","2808","2827","구리","모란","235030","2805","2811","별내","암사"
"08호선","1","1","2827","827","모란","053000","2827","2805","모란","별내","243530","2827","2815","모란","잠실"
"08호선","1","3","2827","827","모란","053000","2827","2805","모란","별내","234000","2827","2815","모란","잠실"
"08호선","1","2","2827","827","모란","053000","2827","2805","모란","별내","234000","2827","2815","모란","잠실"
"08호선","1","1","2810","809","암사역사공원","053030","2811","2805","암사","별내","244510","2827","2805","모란","별내"
"08호선","2","3","2824","824","단대오거리","054000","2818","2827","가락시장","모란","235700","2805","2827","별내","모란"
"08호선","2","1","2824","824","단대오거리","054000","2818","2827","가락시장","모란","245500","2805","2827","별내","모란"
"08호선","1","3","2816","815","석촌","054020","2818","2805","가락시장","별내","240230","2827","2815","모란","잠실"
"08호선","1","2","2816","815","석촌","054020","2818","2805","가락시장","별내","240230","2827","2815","모란","잠실"
"08호선","1","1","2816","815","석촌","054020","2818","2805","가락시장","별내","245800","2827","2815","모란","잠실"
"08호선","2","3","2816","815","석촌","054040","2811","2827","암사","모란","235330","2805","2818","별내","가락시장"
"08호선","2","1","2816","815","석촌","054040","2811","2827","암사","모란","245700","2805","2818","별내","가락시장"
"08호선","2","2","2816","815","석촌","054040","2811","2827","암사","모란","235330","2805","2818","별내","가락시장"
"08호선","2","3","2825","825","신흥","054130","2818","2827","가락시장","모란","235830","2805","2827","별내","모란"
"08호선","2","2","2825","825","신흥","054130","2818","2827","가락시장","모란","235830","2805","2827","별내","모란"
"08호선","2","1","2825","825","신흥","054130","2818","2827","가락시장","모란","245630","2805","2827","별내","모란"
"08호선","1","3","2828","821","남위례","054130","2827","2805","모란","별내","235130","2827","2815","모란","잠실"
"08호선","1","1","2828","821","남위례","054130","2827","2805","모란","별내","244700","2827","2815","모란","잠실"
"08호선","1","2","2828","821","남위례","054130","2827","2805","모란","별내","235130","2827","2815","모란","잠실"
"08호선","1","1","2806","805","다산","054210","2811","2805","암사","별내","245650","2827","2805","모란","별내"
"08호선","1","2","2806","805","다산","054210","2811","2805","암사","별내","235720","2827","2805","모란","별내"
"08호선","1","3","2806","805","다산","054210","2811","2805","암사","별내","235720","2827","2805","모란","별내"
"08호선","2","2","2817","816","송파","054220","2811","2827","암사","모란","235510","2805","2818","별내","가락시장"
"08호선","2","3","2817","816","송파","054220","2811","2827","암사","모란","235510","2805","2818","별내","가락시장"
"08호선","2","1","2817","816","송파","054220","2811","2827","암사","모란","245840","2805","2818","별내","가락시장"
"08호선","2","3","2826","826","수진","054300","2818","2827","가락시장","모란","240000","2805","2827","별내","모란"
"08호선","2","2","2826","826","수진","054300","2818","2827","가락시장","모란","240000","2805","2827","별내","모란"
"08호선","2","1","2826","826","수진","054300","2818","2827","가락시장","모란","245800","2805","2827","별내","모란"
"08호선","1","1","2821","820","복정","054350","2827","2805","모란","별내","244920","2827","2815","모란","잠실"
"08호선","1","3","2821","820","복정","054350","2827","2805","모란","별내","235350","2827","2815","모란","잠실"
"08호선","1","2","2821","820","복정","054350","2827","2805","모란","별내","235350","2827","2815","모란","잠실"
"08호선","1","1","2820","819","장지","054530","2827","2805","모란","별내","245100","2827","2815","모란","잠실"
"08호선","1","3","2820","819","장지","054530","2827","2805","모란","별내","235530","2827","2815","모란","잠실"
"08호선","1","2","2820","819","장지","054530","2827","2805","모란","별내","235530","2827","2815","모란","잠실"
"09호선","2","1","4107","907","가양","053000","4107","4101","가양","개화","245930","4138","4105","중앙보훈병원","마곡나루"
"09호선","1","3","4131","931","삼전","053000","4131","4138","삼전","중앙보훈병원","235025","4101","4138","개화","중앙보훈병원"
"09호선","1","2","4131","931","삼전","053000","4131","4138","삼전","중앙보훈병원","235025","4101","4138","개화","중앙보훈병원"
"09호선","1","1","4131","931","삼전","053000","4131","4138","삼전","중앙보훈병원","244745","4101","4138","개화","중앙보훈병원"
"09호선","2","1","4113","913","당산","053000","4113","4101","당산","개화","245625","4138","4110","중앙보훈병원","염창"
"09호선","1","3","4125","925","신논현","053000","4125","4138","신논현","중앙보훈병원","233700","4101","4138","개화","중앙보훈병원"
"09호선","1","2","4125","925","신논현","053000","4125","4138","신논현","중앙보훈병원","233700","4101","4138","개화","중앙보훈병원"
"09호선","1","1","4125","925","신논현","053000","4125","4138","신논현","중앙보훈병원","244640","4101","4131","개화","삼전"
"09호선","2","3","4120","920","동작","053000","4120","4101","동작","개화","234800","4138","4115","중앙보훈병원","여의도"
"09호선","2","1","4120","920","동작","053000","4120","4101","동작","개화","244940","4138","4115","중앙보훈병원","여의도"
"09호선","2","2","4120","920","동작","053000","4120","4101","동작","개화","234800","4138","4115","중앙보훈병원","여의도"
"09호선","1","1","4120","920","동작","053000","4120","4138","동작","중앙보훈병원","244855","4101","4125","개화","신논현"
"09호선","2","1","4125","925","신논현","053000","4125","4101","신논현","개화","244915","4138","4120","중앙보훈병원","동작"
"09호선","1","1","4115","915","여의도","053000","4115","4138","여의도","중앙보훈병원","245040","4101","4120","개화","동작"
"09호선","1","2","4115","915","여의도","053000","4115","4138","여의도","중앙보훈병원","234810","4101","4120","개화","동작"
"09호선","1","3","4115","915","여의도","053000","4115","4138","여의도","중앙보훈병원","234810","4101","4120","개화","동작"
"09호선","2","1","4131","931","삼전","053000","4131","4101","삼전","개화","244855","4138","4125","중앙보훈병원","신논현"
"09호선","1","1","4110","910","염창","053000","4110","4138","염창","중앙보훈병원","245235","4101","4113","개화","당산"
"09호선","2","3","4138","938","중앙보훈병원","053000","4138","4101","중앙보훈병원","개화","234600","4138","4131","중앙보훈병원","삼전"
"09호선","2","1","4138","938","중앙보훈병원","053000","4138","4101","중앙보훈병원","개화","244500","4138","4131","중앙보훈병원","삼전"
"09호선","2","2","4138","938","중앙보훈병원","053000","4138","4101","중앙보훈병원","개화","234600","4138","4131","중앙보훈병원","삼전"
"09호선","1","1","4105","905","마곡나루","053000","4105","4138","마곡나루","중앙보훈병원","245405","4101","4107","개화","가양"
"09호선","2","1","4105","905","마곡나루","053515","4107","4101","가양","개화","250200","4138","4102","중앙보훈병원","김포공항"
"09호선","2","2","4111","911","신목동","053530","4113","4101","당산","개화","235805","4138","4110","중앙보훈병원","염창"
"09호선","2","3","4111","911","신목동","053530","4113","4101","당산","개화","235805","4138","4110","중앙보훈병원","염창"
"09호선","2","3","4130","930","종합운동장","053540","4131","4101","삼전","개화","235605","4138","4120","중앙보훈병원","동작"
"09호선","2","2","4130","930","종합운동장","053540","4131","4101","삼전","개화","235605","4138","4120","중앙보훈병원","동작"
"09호선","2","2","4105","905","마곡나루","053545","4107","4101","가양","개화","240130","4138","4102","중앙보훈병원","김포공항"
"09호선","2","3","4105","905","마곡나루","053545","4107","4101","가양","개화","240130","4138","4102","중앙보훈병원","김포공항"
"09호선","1","2","4128","928","삼성중앙","053545","4125","4138","신논현","중앙보훈병원","234245","4101","4138","개화","중앙보훈병원"
"09호선","1","3","4128","928","삼성중앙","053545","4125","4138","신논현","중앙보훈병원","234245","4101","4138","개화","중앙보훈병원"
"09호선","1","1","4134","934","송파나루","053550","4131","4138","삼전","중앙보훈병원","245335","4101","4138","개화","중앙보훈병원"
"09호선","2","2","4123","923","고속터미널","053550","4125","4101","신논현","개화","234910","4138","4120","중앙보훈병원","동작"
"09호선","2","3","4123","923","고속터미널","053550","4125","4101","신논현","개화","234910","4138","4120","중앙보훈병원","동작"
"09호선","1","1","4128","928","삼성중앙","053555","4125","4138","신논현","중앙보훈병원","245235","4101","4131","개화","삼전"
"09호선","1","2","4112","912","선유도","053600","4110","4138","염창","중앙보훈병원","235525","4101","4113","개화","당산"
"09호선","1","3","4112","912","선유도","053600","4110","4138","염창","중앙보훈병원","235525","4101","4113","개화","당산"
"09호선","2","2","4117","917","노량진","053605","4120","4101","동작","개화","235520","4138","4115","중앙보훈병원","여의도"
"09호선","2","3","4117","917","노량진","053605","4120","4101","동작","개화","235520","4138","4115","중앙보훈병원","여의도"
"09호선","1","2","4118","918","노들","053605","4115","4138","여의도","중앙보훈병원","235500","4101","4120","개화","동작"
"09호선","1","3","4118","918","노들","053605","4115","4138","여의도","중앙보훈병원","235500","4101","4120","개화","동작"
"09호선","2","1","4122","922","신반포","053615","4125","4101","신논현","개화","245530","4138","4120","중앙보훈병원","동작"
"09호선","1","2","4134","934","송파나루","053620","4131","4138","삼전","중앙보훈병원","235645","4101","4138","개화","중앙보훈병원"
"09호선","1","3","4134","934","송파나루","053620","4131","4138","삼전","중앙보훈병원","235645","4101","4138","개화","중앙보훈병원"
"09호선","1","1","4118","918","노들","053625","4115","4138","여의도","중앙보훈병원","245705","4101","4120","개화","동작"
"09호선","2","1","4117","917","노량진","053635","4120","4101","동작","개화","245630","4138","4115","중앙보훈병원","여의도"
"09호선","2","1","4110","910","염창","053640","4113","4101","당산","개화","245445","4138","4102","중앙보훈병원","김포공항"
"09호선","1","1","4123","923","고속터미널","053645","4120","4138","동작","중앙보훈병원","245455","4101","4125","개화","신논현"
"09호선","1","2","4107","907","가양","053650","4102","4138","김포공항","중앙보훈병원","234440","4101","4113","개화","당산"
"09호선","1","3","4107","907","가양","053650","4102","4138","김포공항","중앙보훈병원","234440","4101","4113","개화","당산"
"09호선","1","2","4123","923","고속터미널","053655","4120","4138","동작","중앙보훈병원","235155","4101","4125","개화","신논현"
"09호선","1","3","4123","923","고속터미널","053655","4120","4138","동작","중앙보훈병원","235155","4101","4125","개화","신논현"
"09호선","2","1","4128","928","삼성중앙","053700","4131","4101","삼전","개화","245555","4138","4125","중앙보훈병원","신논현"
"09호선","1","1","4103","903","공항시장","053705","4101","4138","개화","중앙보훈병원","245005","4101","4107","개화","가양"
"09호선","1","2","4103","903","공항시장","053705","4101","4138","개화","중앙보훈병원","234910","4101","4107","개화","가양"
"09호선","1","3","4103","903","공항시장","053705","4101","4138","개화","중앙보훈병원","234910","4101","4107","개화","가양"
"09호선","2","2","4122","922","신반포","053725","4125","4101","신논현","개화","235340","4138","4120","중앙보훈병원","동작"
"09호선","2","3","4122","922","신반포","053725","4125","4101","신논현","개화","235340","4138","4120","중앙보훈병원","동작"
"09호선","2","1","4104","904","신방화","053730","4107","4101","가양","개화","245700","4138","4101","중앙보훈병원","개화"
"09호선","1","1","4107","907","가양","053730","4102","4138","김포공항","중앙보훈병원","244625","4101","4113","개화","당산"
"09호선","2","3","4135","935","한성백제","053735","4138","4101","중앙보훈병원","개화","235435","4138","4131","중앙보훈병원","삼전"
"09호선","2","1","4135","935","한성백제","053735","4138","4101","중앙보훈병원","개화","245235","4138","4131","중앙보훈병원","삼전"
"09호선","2","2","4135","935","한성백제","053735","4138","4101","중앙보훈병원","개화","235435","4138","4131","중앙보훈병원","삼전"
"09호선","1","1","4135","935","한성백제","053740","4131","4138","삼전","중앙보훈병원","245525","4101","4138","개화","중앙보훈병원"
"09호선","2","3","4110","910","염창","053740","4113","4101","당산","개화","235405","4138","4102","중앙보훈병원","김포공항"
"09호선","2","2","4110","910","염창","053740","4113","4101","당산","개화","235405","4138","4102","중앙보훈병원","김포공항"
"09호선","1","2","4129","929","봉은사","053755","4125","4138","신논현","중앙보훈병원","234455","4101","4138","개화","중앙보훈병원"
"09호선","1","3","4129","929","봉은사","053755","4125","4138","신논현","중앙보훈병원","234455","4101","4138","개화","중앙보훈병원"
"09호선","1","3","4119","919","흑석","053755","4115","4138","여의도","중앙보훈병원","235705","4101","4120","개화","동작"
"09호선","1","2","4119","919","흑석","053755","4115","4138","여의도","중앙보훈병원","235705","4101","4120","개화","동작"
"09호선","2","2","4104","904","신방화","053800","4107","4101","가양","개화","235915","4138","4101","중앙보훈병원","개화"
"09호선","2","3","4104","904","신방화","053800","4107","4101","가양","개화","235915","4138","4101","중앙보훈병원","개화"
"09호선","1","1","4129","929","봉은사","053800","4125","4138","신논현","중앙보훈병원","245440","4101","4131","개화","삼전"
"09호선","2","3","4129","929","봉은사","053800","4131","4101","삼전","개화","235415","4138","4125","중앙보훈병원","신논현"
"09호선","2","2","4129","929","봉은사","053800","4131","4101","삼전","개화","235415","4138","4125","중앙보훈병원","신논현"
"09호선","2","1","4121","921","구반포","053805","4125","4101","신논현","개화","245720","4138","4120","중앙보훈병원","동작"
"09호선","1","3","4135","935","한성백제","053820","4131","4138","삼전","중앙보훈병원","235845","4101","4138","개화","중앙보훈병원"
"09호선","1","2","4135","935","한성백제","053820","4131","4138","삼전","중앙보훈병원","235845","4101","4138","개화","중앙보훈병원"
"09호선","2","2","4116","916","샛강","053820","4120","4101","동작","개화","235800","4138","4115","중앙보훈병원","여의도"
"09호선","2","3","4116","916","샛강","053820","4120","4101","동작","개화","235800","4138","4115","중앙보훈병원","여의도"
"09호선","1","1","4119","919","흑석","053830","4115","4138","여의도","중앙보훈병원","245910","4101","4120","개화","동작"
"09호선","2","1","4109","909","등촌","053845","4113","4101","당산","개화","245320","4138","4105","중앙보훈병원","마곡나루"
"09호선","1","1","4104","904","신방화","053845","4101","4138","개화","중앙보훈병원","245145","4101","4107","개화","가양"
"09호선","2","1","4116","916","샛강","053855","4120","4101","동작","개화","245855","4138","4115","중앙보훈병원","여의도"
"09호선","1","3","4124","924","사평","053900","4120","4138","동작","중앙보훈병원","235415","4101","4125","개화","신논현"
"09호선","1","2","4124","924","사평","053900","4120","4138","동작","중앙보훈병원","235415","4101","4125","개화","신논현"
"09호선","2","1","4127","927","선정릉","053900","4131","4101","삼전","개화","245755","4138","4125","중앙보훈병원","신논현"
"09호선","2","2","4121","921","구반포","053905","4125","4101","신논현","개화","235740","4138","4120","중앙보훈병원","동작"
"09호선","2","3","4121","921","구반포","053905","4125","4101","신논현","개화","235740","4138","4120","중앙보훈병원","동작"
"09호선","1","3","4104","904","신방화","053905","4101","4138","개화","중앙보훈병원","235115","4101","4107","개화","가양"
"09호선","1","2","4104","904","신방화","053905","4101","4138","개화","중앙보훈병원","235115","4101","4107","개화","가양"
"09호선","1","1","4124","924","사평","053915","4120","4138","동작","중앙보훈병원","245710","4101","4125","개화","신논현"
"09호선","2","1","4103","903","공항시장","053925","4107","4101","가양","개화","245855","4138","4101","중앙보훈병원","개화"
"09호선","1","3","4108","908","증미","053925","4105","4138","마곡나루","중앙보훈병원","234635","4101","4113","개화","당산"
"09호선","1","2","4108","908","증미","053925","4105","4138","마곡나루","중앙보훈병원","234635","4101","4113","개화","당산"
"09호선","2","1","4134","934","송파나루","053930","4138","4101","중앙보훈병원","개화","245430","4138","4131","중앙보훈병원","삼전"
"09호선","2","3","4134","934","송파나루","053930","4138","4101","중앙보훈병원","개화","235650","4138","4131","중앙보훈병원","삼전"
"09호선","2","2","4134","934","송파나루","053930","4138","4101","중앙보훈병원","개화","235650","4138","4131","중앙보훈병원","삼전"
"09호선","2","3","4109","909","등촌","053945","4113","4101","당산","개화","234615","4138","4101","중앙보훈병원","개화"
"09호선","2","2","4109","909","등촌","053945","4113","4101","당산","개화","234615","4138","4101","중앙보훈병원","개화"
"09호선","2","2","4128","928","삼성중앙","053945","4131","4101","삼전","개화","235620","4138","4125","중앙보훈병원","신논현"
"06호선","1","3","2634","633","약수","054010","2640","2611","안암","응암","240440","2648","2632","봉화산","한강진"
"06호선","2","3","2638","637","창신","054020","2632","2649","한강진","신내","240010","2611","2640","응암","안암"
"06호선","2","1","2638","637","창신","054020","2632","2649","한강진","신내","244220","2611","2648","응암","봉화산"
"06호선","2","2","2638","637","창신","054020","2632","2649","한강진","신내","240010","2611","2640","응암","안암"
"06호선","1","1","2620","619","월드컵경기장","054040","2626","2611","대흥","응암","244910","2649","2617","신내","새절"
"06호선","1","3","2620","619","월드컵경기장","054040","2626","2611","대흥","응암","235720","2648","2611","봉화산","응암"
"06호선","1","2","2620","619","월드컵경기장","054040","2626","2611","대흥","응암","235720","2648","2611","봉화산","응암"
"06호선","2","2","2646","645","태릉입구","054050","2640","2649","안암","신내","240310","2611","2648","응암","봉화산"
"06호선","2","3","2646","645","태릉입구","054050","2640","2649","안암","신내","240310","2611","2648","응암","봉화산"
"06호선","2","1","2646","645","태릉입구","054050","2640","2649","안암","신내","245620","2611","2648","응암","봉화산"
"06호선","2","1","2613","612","불광","054100","2611","2649","응암","신내","244420","2611","2611","응암","응암"
"06호선","2","3","2613","612","불광","054100","2611","2649","응암","신내","235730","2611","2614","응암","독바위"
"06호선","2","2","2613","612","불광","054100","2611","2649","응암","신내","235730","2611","2614","응암","독바위"
"06호선","2","1","2623","622","합정","054110","2617","2649","새절","신내","245110","2611","2627","응암","공덕"
"06호선","2","3","2623","622","합정","054110","2617","2649","새절","신내","235520","2611","2627","응암","공덕"
"06호선","2","2","2623","622","합정","054110","2617","2649","새절","신내","235520","2611","2627","응암","공덕"
"06호선","2","3","2631","630","이태원","054130","2627","2649","공덕","신내","235930","2611","2632","응암","한강진"
"06호선","2","1","2631","630","이태원","054130","2627","2649","공덕","신내","244810","2611","2632","응암","한강진"
"06호선","2","2","2631","630","이태원","054130","2627","2649","공덕","신내","235930","2611","2632","응암","한강진"
"06호선","1","2","2629","628","삼각지","054140","2632","2611","한강진","응암","240250","2648","2627","봉화산","공덕"
"06호선","1","1","2629","628","삼각지","054140","2632","2611","한강진","응암","245140","2649","2627","신내","공덕"
"06호선","1","3","2629","628","삼각지","054140","2632","2611","한강진","응암","240250","2648","2627","봉화산","공덕"
"06호선","1","3","2633","632","버티고개","054140","2640","2611","안암","응암","240610","2648","2632","봉화산","한강진"
"06호선","1","2","2633","632","버티고개","054140","2640","2611","안암","응암","240610","2648","2632","봉화산","한강진"
"06호선","1","1","2633","632","버티고개","054140","2640","2611","안암","응암","245810","2648","2632","봉화산","한강진"
"06호선","2","2","2639","638","보문","054200","2632","2649","한강진","신내","240150","2611","2640","응암","안암"
"06호선","2","1","2639","638","보문","054200","2632","2649","한강진","신내","244400","2611","2648","응암","봉화산"
"06호선","2","3","2639","638","보문","054200","2632","2649","한강진","신내","240150","2611","2640","응암","안암"